"id","estado","setor","insight","total_acidentes"
1,"ACRE","AGRICULTURA, PECUARIA E SERVICOS RELACIONADOS","O setor de agricultura, pecuária e serviços relacionados no estado do Acre apresenta um risco significativo de lesões causadas por animais vivos, como é o caso da fratura de dedo registrada em Bujari. Isso sugere que a falta de treinamento ou inexperiência em lidar com animais pode ser uma anomalia que afeta a segurança dos trabalhadores nesse setor.",1
2,"ACRE","ALOJAMENTO","A análise dos acidentes de trabalho no setor ""ALOJAMENTO"" do estado Acre revela que o maior risco para os trabalhadores está relacionado à mobilidade e transporte, com uma frequência elevada de lesões decorrentes de acidentes envolvendo motocicletas e motonetas, especialmente em localidades como Cruzeiro do Sul. Isso sugere a necessidade de implementação de medidas de segurança específicas para esse tipo de risco, como treinamento para os trabalhadores que utilizam essas formas de transporte.",1
3,"ACRE","ATIVIDADES AUXILIARES DOS SERVICOS FINANCEIROS, SEGUROS, PREVIDENCIA COMPLEMENTAR E PLANOS DE SAUDE","A análise dos acidentes de trabalho no estado Acre, especificamente no setor de atividades auxiliares dos serviços financeiros, seguros, previdência complementar e planos de saúde, revela um padrão preocupante de lesões relacionadas a quedas, especialmente nas superfícies utilizadas para sustentar pessoas, como o chão. Isso sugere que a falta de segurança em locais de trabalho ou a inadequação de medidas preventivas podem estar contribuindo para este tipo de acidentes.",1
4,"ACRE","ATIVIDADES DE ATENCAO A SAUDE HUMANA","A análise dos acidentes de trabalho no setor ""ATIVIDADES DE ATENCAO A SAUDE HUMANA"" no estado do Acre revela um padrão preocupante de lesões imediatas e fraturas, especialmente nos dedos e membros superiores. Além disso, a maioria dos acidentes é relacionada ao contato com objetos cortantes ou penetrantes, agulhas hipodermicas e produtos químicos, o que sugere um risco significativo de exposição a substâncias tóxicas ou perigosas no local de trabalho.",17
15705,"PARÁ","SERVICOS PARA EDIFICIOS E ATIVIDADES PAISAGISTICAS","A análise dos acidentes de trabalho no setor ""Serviços para Edifícios e Atividades Paisagísticas"" no estado do Pará revela que os principais riscos estão relacionados à exposição a agentes mecânicos (serras, guindastes) e materiais (cerâmica, vidro), principalmente em Belém.",24
21,"ACRE","ATIVIDADES DE ORGANIZACOES ASSOCIATIVAS","Com base nos dados, é possível identificar que o setor de ATIVIDADES DE ORGANIZACOES ASSOCIATIVAS no estado Acre apresenta um padrão de acidentes de trabalho relacionados à manipulação e movimentação de materiais e objetos, como frutas e embalagens. Além disso, a análise sugere que os trabalhadores do sexo masculino estão mais propensos a sofrer lesões nesse setor, principalmente afetando as mãos e pés.",2
23,"ACRE","ATIVIDADES DE SERVICOS FINANCEIROS","A análise dos acidentes de trabalho no setor 'ATIVIDADES DE SERVICOS FINANCEIROS' no estado ACRE revela um padrão preocupante: a maior parte dos casos envolve veículos, o que sugere uma vulnerabilidade à exposição a riscos relacionados ao transporte e mobilidade. Além disso, a lesão mais comum é a contusão, indicando que os trabalhadores do setor podem estar expostos a situações de alta movimentação e estresse.",2
25,"ACRE","ATIVIDADES DE VIGILANCIA, SEGURANCA E INVESTIGACAO","A análise dos acidentes de trabalho no setor ""ATIVIDADES DE VIGILANCIA, SEGURANCA E INVESTIGACAO"" no estado Acre revela que os principais riscos são relacionados à movimentação de veículos e ao uso da motocicleta, o que levou a uma alta taxa de lesões imediatas e óbitos. Além disso, é possível identificar um padrão de concentração de acidentes em Río Branco, sugerindo a necessidade de intervenções específicas para reduzir esses riscos naquela região.",4
43,"ACRE","COMERCIO VAREJISTA","A análise dos acidentes de trabalho no setor ""COMERCIO VAREJISTA"" no estado ACRE revela um cenário preocupante, com uma predominância de lesões relacionadas a equipamentos manuais (como serras e facas) e veículos motorizados. Isso sugere que os riscos associados à falta de treinamento ou uso inadequado desses agentes podem ser significativos nesse setor.",11
29,"ACRE","COLETA, TRATAMENTO E DISPOSICAO DE RESIDUOS; RECUPERACAO DE MATERIAIS","A análise dos acidentes de trabalho no setor ""COLETA, TRATAMENTO E DISPOSICAO DE RESIDUOS; RECUPERACAO DE MATERIAIS"" no estado Acre revela um padrão preocupante: a falta de atenção às condições de segurança e proteção nos locais de trabalho, levando a lesões graves e frequentemente relacionadas à perda de controle sobre máquinas ou objetos. Além disso, há uma alta probabilidade de acidentes relacionados ao uso de veículos e à falta de atenção às condições de circulação.",8
37,"ACRE","COMERCIO E REPARACAO DE VEICULOS AUTOMOTORES E MOTOCICLETAS","Baseado nos dados, observa-se que o setor de Comércio e Reparação de Veículos Automotivos e Motocicletas no estado do Acre apresenta um risco significativo de lesões ao pé (perna) relacionadas a acidentes com veículos rodoviários motorizados. Isso sugere uma necessidade de reforço na segurança dos trabalhadores envolvidos em atividades que envolvem a manipulação ou manutenção de veículos, especialmente no que se refere à proteção das pernas e pés.",2
39,"ACRE","COMERCIO POR ATACADO, EXCETO VEICULOS AUTOMOTORES E MOTOCICLETAS","A análise dos acidentes de trabalho no setor ""COMERCIO POR ATACADO, EXCETO VEICULOS AUTOMOTORES E MOTOCICLETAS"" no estado Acre revela que os principais riscos são relacionados ao uso inadequado de equipamentos e máquinas, como empilhadeira e escada móvel ou fixada. Além disso, a análise indica que a lesão mais comum é a luxação, especialmente na perna e no punho.",4
54,"ACRE","CONSTRUCAO DE EDIFICIOS","Com base nos dados, é possível identificar que o setor de construção de edifícios no estado do Acre apresenta um risco significativo de lesões ao pé e perna, especialmente fraturas da diáfise da tibia. Além disso, a análise sugere que a utilização de veículos, como motocicletas e motoristas, é um fator contributivo para esses acidentes.",2
56,"ACRE","CORREIO E OUTRAS ATIVIDADES DE ENTREGA","Com base nos dados, parece que o setor ""CORREIO E OUTRAS ATIVIDADES DE ENTREGA"" no estado Acre apresenta um padrão de risco relativamente elevado para lesões superficiais e contusões, especialmente em áreas como a perna e o braço. Além disso, a motocicleta e a motoneta parecem ser agentes envolvidos em muitas das ocorrências, sugerindo que há uma necessidade de implementar medidas de segurança específicas para esses veículos.",1
57,"ACRE","EDUCACAO","A análise dos acidentes de trabalho no setor 'EDUCACAO' no estado ACRE revela que o maior risco para os trabalhadores é a lesão por fratura, especialmente relacionada ao uso de veículos (moto) em trajetos. Além disso, nota-se uma tendência de acidentes mais graves e freqüentes ocorrendo em municípios como RIO BRANCO.",2
59,"ACRE","FABRICACAO DE PRODUTOS ALIMENTICIOS","Com base nos dados, é possível identificar que o setor de fabricação de produtos alimentícios no estado do Acre apresenta uma elevada frequência de lesões relacionadas ao uso de ferramentas manuais e à manipulação de materiais. Além disso, a análise revela que os acidentes mais comuns ocorrem em pessoas do sexo masculino, especialmente em municípios como Rio Branco e Brasiléia.",15
74,"ACRE","FABRICACAO DE PRODUTOS DE MADEIRA","A análise dos acidentes de trabalho no setor de fabricação de produtos de madeira no estado do Acre revela um padrão preocupante: a maioria dos casos envolve veículos, o que sugere uma necessidade urgente de implementar medidas de segurança para prevenir acidentes relacionados ao trânsito em áreas industriais. Além disso, a alta frequência de lesões na mão (excepto punho) pode indicar uma falta de atenção à proteção e ao treinamento dos trabalhadores em relação às ferramentas e máquinas utilizadas no processo produtivo.",1
75,"ACRE","FABRICACAO DE PRODUTOS DE MINERAIS NAO METALICOS","Com base nos dados analisados, é possível identificar que o setor de fabricação de produtos minerais não metálicos apresenta um padrão de risco para a segurança ocular dos trabalhadores, com um número significativo de lesões envolvendo perda de visão ou amputação do olho. Além disso, é importante destacar que a maioria das lesões registradas não resultou em óbito, mas ainda assim, representa um risco real e iminente para a saúde dos trabalhadores.",1
76,"ACRE","OBRAS DE INFRAESTRUTURA","Com base nos dados analisados, é possível identificar que o setor de OBRAS DE INFRAESTRUTURA no estado do Acre apresenta um risco significativo de lesões relacionadas ao uso de máquinas e aparelhos (30% dos casos), bem como acidentes envolvendo veículos (40%). Além disso, os acidentes ocorrem frequentemente em municípios como Rio Branco.",2
78,"ACRE","OUTRAS ATIVIDADES DE SERVICOS PESSOAIS","A análise dos acidentes de trabalho no setor ""OUTRAS ATIVIDADES DE SERVICOS PESSOAIS"" no estado ACRE indica que há um risco significativo de lesões relacionadas a quedas de nível para trabalhadores do sexo feminino, especialmente em áreas rurais como Rio Branco. Além disso, a intervenção de animais vivos também parece ser um fator de risco relevante no setor, exigindo medidas de segurança específicas para prevenir esses acidentes.",1
79,"ACRE","OUTRAS ATIVIDADES PROFISSIONAIS, CIENTIFICAS E TECNICAS","A análise dos acidentes de trabalho no setor ""OUTRAS ATIVIDADES PROFISSIONAIS, CIENTIFICAS E TECNICAS"" no estado Acre revela um padrão preocupante de lesões relacionadas ao trânsito e uso de superfícies, especialmente em áreas urbanas como Rio Branco. Isso sugere uma necessidade de reforço na implementação de medidas de segurança e treinamento para os trabalhadores no estado, para reduzir a ocorrência desses tipos de acidentes.",1
80,"ACRE","REPARACAO E MANUTENCAO DE EQUIPAMENTOS DE INFORMATICA E COMUNICACAO E DE OBJETOS PESSOAIS E DOMESTICOS","A análise dos acidentes de trabalho no setor ""Reparação e Manutenção de Equipamentos de Informática e Comunicação e Objetos Pessoais e Domésticos"" no estado Acre revela que os trabalhadores do sexo masculino são mais propensos a sofrer lesões graves, como fraturas, em áreas como trajeto ou durante a realização de tarefas específicas. Além disso, parece haver uma relação entre a ocorrência de acidentes e a manipulação de materiais perigosos, como frutas e derivados, o que sugere a necessidade de treinamento e proteção adequadas para essas operações.",1
81,"ACRE","SELECAO, AGENCIAMENTO E LOCACAO DE MAO DE OBRA","A análise dos acidentes de trabalho no setor 'SELECAO, AGENCIAMENTO E LOCACAO DE MAO DE OBRA' no estado Acre revela que o risco de lesões superficiais e traumas específicos, como escoriações e fraturas, é elevado em ambos os casos. Além disso, parece haver uma concentração de acidentes ocorrendo em Río Branco, o que pode indicar a existência de fatores de risco específicos no local de trabalho ou na atividade laboral em si.",2
83,"ACRE","SERVICOS DE ARQUITETURA E ENGENHARIA; TESTES E ANALISES TECNICAS","Baseado nos dados, parece que houve uma maior frequência de acidentes de trabalho no estado do Acre, no setor de serviços de arquitetura e engenharia, relacionados à circulação de veículos (motocicleta/motoneta) e uso de ferramentas manuais (faca), o que sugere um risco elevado para os trabalhadores em função da exposição a situações de trânsito e uso de equipamentos perigosos. Além disso, também é notável a falta de óbitos registrados nesse período, o que pode indicar uma atenção ao seguro de trabalho e à prevenção de acidentes nos local de trabalho.",4
87,"ACRE","SERVICOS DE ASSISTENCIA SOCIAL SEM ALOJAMENTO","A análise dos acidentes de trabalho no setor de serviços de assistência social sem alojamento no estado Acre revela que a maioria das lesões ocorrem em função do uso de motocicletas ou chão como superfície utilizada para sustentar pessoas, o que sugere um risco elevado associado ao transporte e mobilidade. Além disso, é notável a frequência de lesões na cabeça e no couro cabeludo, o que pode estar relacionado à falta de proteção adequada nesse tipo de atividade.",2
89,"ACRE","SERVICOS DE ESCRITORIO, DE APOIO ADMINISTRATIVO E OUTROS SERVICOS PRESTADOS PRINCIPALMENTE AS EMPRESAS","A análise dos acidentes de trabalho no setor ""Serviços de Escritório, de Apoio Administrativo e outros serviços prestados principalmente às empresas"" no estado Acre revela que houve um elevado número de lesões relacionadas ao uso de ferramentas manuais, como a FACA (FACAO - Ferramenta Manual sem Força Motriz), o que sugere riscos associados à falta de treinamento e à insuficiência de medidas de segurança. Além disso, é possível detectar uma tendência para lesões decorrentes do uso impróprio ou inapropriado de objetos cotidianos, como FRUTA E DERIVADOS, o que reflete a necessidade de melhorias na cultura de segurança e no gerenciamento de riscos no local de trabalho.",3
150,"AMAPÁ","COMERCIO VAREJISTA","A análise dos acidentes de trabalho no setor ""COMERCIO VAREJISTA"" em AMAPÁ revela um padrão alarmante: a maioria das lesões (85%) foi causada por veículos motorizados, especialmente bicicletas e motocicletas. Isso sugere que há uma falta de conscientização sobre segurança no trânsito e a necessidade de políticas mais rigorosas para reduzir os riscos associados à mobilidade.",18
92,"ACRE","SERVICOS ESPECIALIZADOS PARA CONSTRUCAO","A análise dos acidentes de trabalho no estado Acre, especificamente no setor de Serviços Especializados para Construção, revela que existem riscos significativos relacionados ao uso de ferramentas manuais sem força motriz, como cordas e cabos, o que pode levar a lesões graves nos membros superiores, especialmente na mão. Além disso, é possível notar uma concentração desses acidentes em municípios específicos do estado, como Rio Branco.",1
93,"ACRE","SERVICOS PARA EDIFICIOS E ATIVIDADES PAISAGISTICAS","A análise dos acidentes de trabalho no setor de serviços para edifícios e atividades paisagísticas no estado do Acre revela que a maioria das lesões ocorre devido a causas típicas, como caias e quedas, ou trajetos inesperados, como quedas de motocicletas ou veículos. Além disso, é perceptível um risco elevado para os trabalhadores do sexo masculino, que concentram cerca de 60% dos casos reportados.",8
101,"ACRE","TELECOMUNICACOES","A análise dos acidentes de trabalho no estado Acre, setor de telecomunicações, revela um quadro preocupante de risco e vulnerabilidade para os trabalhadores masculinos que utilizam veículos motorizados (rodoviários ou não) em áreas urbanas, como Rio Branco. O padrão de lesões mais comum é a contusão e esmagamento superficial intacto, sugerindo uma falta de atenção às normas de segurança durante as atividades laborais.",2
103,"ACRE","TRANSPORTE TERRESTRE","Baseado nos dados analisados, é possível identificar que o setor de transporte terrestre no estado do Acre apresenta um cenário caracterizado por acidentes com lesões imediatas e contusões superficiais, principalmente relacionadas à perna e braço. Além disso, os dados sugerem uma tendência para a ocurrencia desses acidentes em áreas específicas do estado, como a cidade de Rio Branco, o que pode indicar fatores de risco geográfico ou ocupacional associados ao transporte terrestre no local.",4
107,"AMAPÁ","ALIMENTACAO","A análise dos acidentes de trabalho no setor ""ALIMENTACAO"" no estado AMAPÁ revela que os trabalhadores do sexo feminino são mais propensos a sofrer lesões graves, especialmente aquelas relacionadas a movimentação e transporte de materiais (FRATURA DO PRIMEIRO METACARPIANO e FRATURA DO CALCANEO). Além disso, a análise sugere que as lesões mais comuns ocorrem durante o deslocamento no trajeto de trabalho.",2
109,"AMAPÁ","ARMAZENAMENTO E ATIVIDADES AUXILIARES DOS TRANSPORTES","A análise dos acidentes de trabalho no setor ""ARMAZENAMENTO E ATIVIDADES AUXILIARES DOS TRANSPORTES"" no estado AMAPÁ revela que a lesão mais comum é a amputação ou enucleação, especialmente na mão. Além disso, a maioria dos acidentes está relacionada à máquina, o que sugere uma falta de atenção à segurança e proteção do trabalhador em contato com equipamentos mecânicos.",1
110,"AMAPÁ","ATIVIDADES DE ATENCAO A SAUDE HUMANA","A análise dos acidentes de trabalho no setor de Atividades de Atenção à Saúde Humana no estado do Amapá revela que houve uma concentração de lesões relacionadas a contusões e abrasões, principalmente nos membros superiores e dedos. Além disso, observou-se um risco significativo associado ao uso de ferramentas manuais sem força motriz, como martelo, malho e alicate, o que pode ser atribuído à falta de treinamento ou atenção à segurança no local de trabalho.",10
644,"DISTRITO FEDERAL","ATIVIDADES DE VIGILANCIA, SEGURANCA E INVESTIGACAO","A análise dos acidentes de trabalho no setor ""ATIVIDADES DE VIGILANCIA, SEGURANCA E INVESTIGACAO"" no estado DISTRITO FEDERAL revela que os principais agentes causadores de lesões são edifícios/estruturas (32% dos casos) e veículos (30%), enquanto as lesões mais comuns são contusões e esmagamentos superficiais.",13
120,"AMAPÁ","ATIVIDADES DE VIGILANCIA, SEGURANCA E INVESTIGACAO","A análise dos acidentes de trabalho no setor ""ATIVIDADES DE VIGILANCIA, SEGURANÇA E INVESTIGACÃO"" no estado do Amapá revela que os trabalhadores masculinos são os mais afetados por lesões, principalmente relacionadas à articulação do tornozelo e ao punho/mão. Além disso, a análise sugere que o uso de veículos (fruta e derivados) e a falta de segurança em áreas de circulação (motoocicleta/motoneta) são os principais fatores de risco identificados.",2
122,"AMAPÁ","ATIVIDADES IMOBILIARIAS","A análise dos acidentes de trabalho no setor ""ATIVIDADES IMOBILIARIAS"" no estado do Amapá revela que a lesão mais comum é a fratura, especialmente na região dos membros superiores. Além disso, há um risco elevado associado ao uso de caldeira e vaso sob pressão, o que pode indicar a necessidade de implementação de medidas de segurança adicionais para proteger os trabalhadores da área.",1
123,"AMAPÁ","CAPTACAO, TRATAMENTO E DISTRIBUICAO DE AGUA","A análise dos acidentes de trabalho no setor de captura, tratamento e distribuição de água em Amapá revela que há um padrão preocupante de lesões superficiais nos membros inferiores, sugerindo a necessidade de intervenções para reduzir os riscos associados ao uso de veículos de tração animal. Além disso, a ausência de óbitos registra é uma boa notícia, mas requer atenção contínua para manter esses números baixos.",1
124,"AMAPÁ","COLETA, TRATAMENTO E DISPOSICAO DE RESIDUOS; RECUPERACAO DE MATERIAIS","Baseado nos dados, é possível identificar que o setor ""COLETA, TRATAMENTO E DISPOSICAO DE RESIDUOS; RECUPERACAO DE MATERIAIS"" no estado de Amapá apresenta um padrão de acidentes relacionados à lesões físicas, com predomínio de lesões nas pernas e membros superiores. Além disso, a análise revela que os acidentes estão frequentemente associados ao uso de máquinas e ferramentas, o que sugere uma necessidade de intensificar esforços para reduzir os riscos associados ao trabalho com esses agentes.",3
127,"AMAPÁ","COMERCIO E REPARACAO DE VEICULOS AUTOMOTORES E MOTOCICLETAS","A análise dos acidentes de trabalho no setor de comércio e reparação de veículos automotores e motocicletas em Amapá revela que o agente mais frequentemente envolvido é a motocicleta/motoneta, levando lesões superficiais e cortes/ferimentos. Isso sugere uma preocupante falta de segurança e atenção às regras de trânsito para esses profissionais.",3
130,"AMAPÁ","COMERCIO POR ATACADO, EXCETO VEICULOS AUTOMOTORES E MOTOCICLETAS","A análise dos acidentes de trabalho no setor ""Comércio por atacado, exceto veículos automotoveículos e motocicletas"" no estado do Amapá revela que a lesão mais frequente é a fratura, principalmente nos pés e membros inferiores. Além disso, há um risco elevado de lesões relacionadas ao uso de bicicletas e motos, tanto como agentes causadores quanto em acidentes envolvendo esses veículos.",5
153,"AMAPÁ","CONFECCAO DE ARTIGOS DO VESTUARIO E ACESSORIOS","A análise dos acidentes de trabalho no setor ""Confeccao de Artigos do Vestuário e Acessórios"" em Amapá revela que os acidentes envolvendo lesões nos membros superiores, como punho e mão, são significativamente comuns, sugerindo uma falta de atenção à segurança e prevenção no uso de ferramentas manuais sem força motriz.",1
154,"AMAPÁ","CONSTRUCAO DE EDIFICIOS","Com base nos dados, é possível identificar que a lesão mais comum no setor de construção de edifícios em Amapá é a lesão superficial ou de pequeno impacto nas mãos e dedos, frequentemente relacionada ao uso de serras e máquinas. Além disso, há uma concentração de acidentes em Macapá, sugerindo um risco mais elevado nesse município específico.",4
158,"AMAPÁ","CORREIO E OUTRAS ATIVIDADES DE ENTREGA","A análise dos acidentes de trabalho no setor ""CORREIO E OUTRAS ATIVIDADES DE ENTREGA"" no estado AMAPÁ revela que as lesões causadas por motocicletas e veículos são comuns, especialmente em áreas rurais como Santana e Macapá. Além disso, a frequência de fraturas nos membros inferiores é particularmente alta, o que sugere uma cultura de risco relacionada à mobilidade e ao transporte no setor.",2
160,"AMAPÁ","EDUCACAO","Com base nos dados de acidentes de trabalho no setor de Educação em Amapá, observa-se que a grande maioria dos acidentes é relacionada ao uso da bicicleta (agente), com lesões graves como fratura do coccyx e membros inferiores. Isso sugere um risco significativo para os trabalhadores que utilizam esse meio de transporte em sua rotina diária.",1
161,"AMAPÁ","FABRICACAO DE PRODUTOS DE MADEIRA","Com base nos dados analisados, é possível identificar que o setor de fabricação de produtos de madeira no estado do Amapá apresenta um padrão preocupante de lesões relacionadas ao uso de serras - máquinas, especialmente na área dos dedos. Esta anomalia sugere uma falta de treinamento e atenção às precauções de segurança para prevenir acidentes e lesões graves no local de trabalho.",2
163,"AMAPÁ","MANUTENCAO, REPARACAO E INSTALACAO DE MAQUINAS E EQUIPAMENTOS","A análise dos acidentes de trabalho no setor ""MANUTENCAO, REPARACAO E INSTALACAO DE MAQUINAS E EQUIPAMENTOS"" em Amapá revela que há uma tendência a lesões relacionadas à perna (do tornozelo) e ao uso de ferramentas manuais sem força motriz ou com aquecimento, o que indica um risco maior para os trabalhadores envolvidos nessa área.",2
165,"AMAPÁ","OBRAS DE INFRAESTRUTURA","A análise dos acidentes de trabalho no setor ""OBRAS DE INFRAESTRUTURA"" no estado AMAPÁ revela que a lesão imediata é um padrão comum, especialmente nos trabalhadores masculinos. Além disso, observou-se que os acidentes envolvendo agressões por superfície e estrutura podem levar a lesões nos dedos, o que sugere uma necessidade de atenção especial para a segurança dos trabalhadores em áreas críticas como essas.",2
167,"AMAPÁ","SELECAO, AGENCIAMENTO E LOCACAO DE MAO DE OBRA","Os acidentes de trabalho no setor de seleção, agenciamento e locação de mão de obra em Amapá apresentam um padrão de Lesões Immediatas em 2/3 dos casos, o que sugere uma possível relação com fatores como ausência de treinamento adequado ou inadequada proteção individual. Além disso, a presença de agentes externos como veículo e escada móvel ou fixada como causas de lesão pode indicar necessidade de revisão das rotinas e procedimentos para minimizar os riscos no local de trabalho.",3
170,"AMAPÁ","SERVICOS DE ASSISTENCIA SOCIAL SEM ALOJAMENTO","A análise dos acidentes de trabalho no setor de serviços de assistência social sem alojamento em Amapá revela que os trabalhadores estão mais propensos a sofrer lesões superficiais, principalmente na mão e braço, enquanto realizam suas atividades diárias, o que sugere uma falta de atenção às condições de segurança no local de trabalho. Além disso, os acidentes relacionados ao chão e mobiliário também são frequentes, indicando a necessidade de melhorias na manutenção e conservação dos espaços habitacionais coletivos.",2
172,"AMAPÁ","SERVICOS DE ESCRITORIO, DE APOIO ADMINISTRATIVO E OUTROS SERVICOS PRESTADOS PRINCIPALMENTE AS EMPRESAS","A análise dos acidentes de trabalho no setor de serviços de escritório e apoio administrativo em Amapá revela que os principais agentes de risco são veículos rodoviários motorizados e objetos móveis (fruta e derivados), com um padrão de lesões superficiais e contusões mais freqüentes. Além disso, é notável a elevada ocorrência de acidentes em Macapá, sugerindo uma concentração de riscos nessa cidade.",4
176,"AMAPÁ","SERVICOS PARA EDIFICIOS E ATIVIDADES PAISAGISTICAS","A análise dos acidentes de trabalho no setor ""SERVICOS PARA EDIFICIOS E ATIVIDADES PAISAGISTICAS"" no estado AMAPÁ revela que a superação da superfície utilizada para sustentar pessoas (CHAO - SUPERFICIE UTILIZADA PARA SUSTENTAR PESSOAS) é um agente de risco significativo, com dois casos registrados. Além disso, nota-se a presença de mobilios e acessórios (CADEIRA BANCO - MOBILIARIO E ACESSORIOS) também como agentes de risco.",3
179,"AMAPÁ","TELECOMUNICACOES","Baseado nos dados, é possível identificar que o setor de telecomunicações no estado do Amapá apresenta um risco considerável para lesões relacionadas à articulação do tornozelo, especialmente aquelas decorrentes de acidentes com escada móvel ou fixada. Além disso, a falta de óbitos registrados sugere que os acidentes são mais prováveismente graves, mas não fatais, e que há necessidade de intervenções para prevenir essas lesões e garantir a segurança dos trabalhadores.",1
180,"AMAPÁ","TRANSPORTE TERRESTRE","A análise dos acidentes de trabalho no setor ""TRANSPORTE TERRESTRE"" no estado AMAPÁ revela que a grande maioria das lesões envolve veículos rodoviários motorizados e caminhos, o que sugere uma falta de atenção à segurança viária e ao treinamento de condutores. Além disso, a frequência de lesões superficiais e ferimentos leves indica que os trabalhadores estão expostos a riscos constantes durante sua rotina laboral.",5
185,"DISTRITO FEDERAL","ADMINISTRACAO PUBLICA, DEFESA E SEGURIDADE SOCIAL","A análise dos acidentes de trabalho no setor ""ADMINISTRACAO PUBLICA, DEFESA E SEGURIDADE SOCIAL"" no estado DISTRITO FEDERAL revela que os principais riscos são relacionados à mobilidade e ao uso de veículos motorizados, o que sugere a importância da implementação de medidas de segurança para prevenir lesões causadas por acidentes de trânsito. Além disso, há um risco latente associado ao manejo de superfície e estrutura, que pode ser reduzido com a adoção de protocolos de trabalho seguro e treinamento adequado para os funcionários.",5
190,"DISTRITO FEDERAL","AGRICULTURA, PECUARIA E SERVICOS RELACIONADOS","A análise dos acidentes de trabalho no setor ""AGRICULTURA, PECUARIA E SERVICOS RELACIONADOS"" no estado DISTRITO FEDERAL revela que o agente mais comum é o equipamento elétrico e a lesão mais frequente é a corte laceração ferida contusa punctura ferida aberta, principalmente em dedos.",5
195,"DISTRITO FEDERAL","ALIMENTACAO","A análise dos acidentes de trabalho no setor de alimentação no Distrito Federal revela um cenário preocupante: a lesão por corte e laceracção é o tipo mais comum, frequentemente relacionada à manipulação de objetos cortantes ou penetrantes. Além disso, o uso inadequado de máquinas e ferramentas manualmente operadas também parece ser um fator contributivo para os acidentes graves no setor.",76
1842,"MINAS GERAIS","ALIMENTACAO","A análise dos acidentes de trabalho no setor alimentação em Minas Gerais revela que os principais agentes responsáveis por essas ocorrências são ferramentas e máquinas (55% do total), seguidos de veículos (20%). Além disso, verifica-se uma tendência mais frequente para lesões em membros superiores e na região do pescoço e joelho.",182
271,"DISTRITO FEDERAL","ALOJAMENTO","Com base nos acidentes de trabalho no setor ""Alojamento"" no Distrito Federal, é possível identificar um padrão de lesões decorrentes da manipulação e movimentação de objetos pesados ou com materiais abrasivos, como vidro e metal. Além disso, há uma tendência para lesões relacionadas a traumas musculares e nervosos, sugerindo que os trabalhadores do setor estão expostos a riscos físicos e biomecanicamente desequilibrados.",3
274,"DISTRITO FEDERAL","ALUGUEIS NAO IMOBILIARIOS E GESTAO DE ATIVOS INTANGIVEIS NAO FINANCEIROS","A análise dos acidentes de trabalho no setor ""Aluguéis não imobiliários e gestão de ativos intangíveis não financeiros"" no Distrito Federal indica que o maior risco está relacionado a lesões decorrentes da manipulação de objetos ou substâncias, como a utilização de máquinas, ferramentas manuais e rampeiras, o que levou a lesões em membros superiores e inferiores. Além disso, há um alto índice de acidentes relacionados à falta de atenção ao ambiente físico, como superfícies irregulares e chão irregular, que podem levar a quedas e lesões mais graves.",9
283,"DISTRITO FEDERAL","ARMAZENAMENTO E ATIVIDADES AUXILIARES DOS TRANSPORTES","Com base nos dados analisados, é possível identificar que a maioria dos acidentes de trabalho no setor ""Armacenamento e Atividades Auxiliares dos Transportes"" no Distrito Federal ocorrem durante atividades rotineiras, como trajeto (45%) ou tarefa típica (30%), e envolvem lesões causadas por agentes mecânicos (80%), como veículos (35%) ou máquinas (20%).",10
293,"DISTRITO FEDERAL","ATIVIDADES CINEMATOGRAFICAS, PRODUCAO DE VIDEOS E DE PROGRAMAS DE TELEVISAO; GRAVACAO DE SOM E EDICAO DE MUSICA","A análise dos acidentes de trabalho no setor de atividades cinematográficas e produção de vídeo no Distrito Federal revela que o principal agente de risco é a mobilidade, seja por meio de escadas móveis ou fixadas, motocicletas ou motoneatas. Isso sugere que os trabalhadores desse setor estão expostos a riscos relacionados à movimentação e ao transporte no local de trabalho.",2
295,"DISTRITO FEDERAL","ATIVIDADES DE ATENCAO A SAUDE HUMANA","Com base nos dados, pode-se concluir que o setor de atendimento a saúde humana no Distrito Federal registrou um aumento significativo de acidentes relacionados à lesões superficiais e traumas durante 2025, com destaque para as lesões causadas por agentes físicos (cais, escada móvel ou fixada) e químicos (substâncias nocivas não especificadas). Além disso, nota-se uma tendência de acidentes em que a parte afetada é o dedo, sugerindo possivelmente um risco maior para os trabalhadores envolvidos nessa atividade.",309
604,"DISTRITO FEDERAL","ATIVIDADES DE ATENCAO A SAUDE HUMANA INTEGRADAS COM ASSISTENCIA SOCIAL, PRESTADAS EM RESIDENCIAS COLETIVAS E PARTICULARES","A análise dos acidentes de trabalho no setor ""ATIVIDADES DE ATENCAO A SAUDE HUMANA INTEGRADAS COM ASSISTENCIA SOCIAL, PRESTADAS EM RESIDENCIAS COLETIVAS E PARTICULARES"" no Distrito Federal revela um padrão preocupante de lesões relacionadas ao uso de máquinas e equipamentos, especialmente em residências coletivas. Isso sugere que a falta de treinamento adequado ou a inadequação das instalações pode estar contribuindo para os acidentes.",1
605,"DISTRITO FEDERAL","ATIVIDADES DE ORGANIZACOES ASSOCIATIVAS","A análise dos acidentes de trabalho no setor ""ATIVIDADES DE ORGANIZACOES ASSOCIATIVAS"" no Distrito Federal revela que a maioria das lesões ocorre em homens, principalmente em decorrência de acidentes relacionados à mobilidade (motores, escadas etc.), o que sugere uma necessidade de atenção especial para a segurança dos trabalhadores durante suas rotas diárias. Além disso, é notável a ocorrência de doenças infecciosas e parasitárias, como malária, o que pode estar relacionado à exposição a agentes biológicos em contextos laborais específicos.",15
620,"DISTRITO FEDERAL","ATIVIDADES DE PRESTACAO DE SERVICOS DE INFORMACAO","Com base nos dados, é possível observar que o setor de serviços de informação no Distrito Federal apresenta um risco significativo de lesões ao membro superior, especialmente às mãos e dedos, provavelmente decorrente da manipulação de ferramentas manuais sem uso de força motriz. Além disso, a falta de proteção adequada parece ser um fator contribuidor para esses acidentes.",1
621,"DISTRITO FEDERAL","ATIVIDADES DE SEDES DE EMPRESAS E DE CONSULTORIA EM GESTAO EMPRESARIAL","A análise dos acidentes de trabalho no setor ""ATIVIDADES DE SEDES DE EMPRESAS E DE CONSULTORIA EM GESTAO EMPRESARIAL"" no estado DISTRITO FEDERAL revela um padrão de risco relacionado ao transporte e mobilidade, com a presença de veículos motorizados (motocicleta e motoneta) como agentes causais. Isso sugere uma necessidade de fortalecimento da cultura de segurança no uso dos meios de transporte e a implementação de medidas preventivas para minimizar o risco de acidentes relacionados à mobilidade.",2
623,"DISTRITO FEDERAL","ATIVIDADES DE SERVICOS FINANCEIROS","A análise dos acidentes de trabalho no setor ""ATIVIDADES DE SERVICOS FINANCEIROS"" no estado do Distrito Federal revela que os riscos mais elevados estão associados a lesões físicas, principalmente relacionadas ao uso inadequado de ferramentas manuais (faca e mobiliário) e ao trânsito (veículos rodoviários motorizados). Além disso, é notável a ocorrência frequente de lesões em membros superiores e inferiores, especialmente no joelho e braço.",10
646,"DISTRITO FEDERAL","ATIVIDADES DOS SERVICOS DE TECNOLOGIA DA INFORMACAO","A análise dos acidentes de trabalho no setor de Atividades dos Serviços de Tecnologia da Informação no Distrito Federal revela um padrão alarmante de lesões por fratura e luxação, com predominância de incidentes envolvendo veículos rodoviários motorizados e agentes mecânicos (arco elétrico, serras etc.). Além disso, é possível identificar uma concentração de acidentes em Brásilia, o que sugere a necessidade de implementação de medidas de prevenção e segurança específicas para esse local.",12
658,"DISTRITO FEDERAL","ATIVIDADES ESPORTIVAS E DE RECREACAO E LAZER","Com base nos dados, é possível identificar que o setor de Atividades Esportivas e Recreação e Lazer no Distrito Federal apresenta um padrão de lesões mais comuns relacionadas a quedas ou impactos, como fraturas e distensões, especialmente em membro superior e inferior. Além disso, há um risco significativo associado à participação em atividades esportivas em veículos motorizados e ao uso de equipamentos móveis, o que reforça a importância da segurança e do treinamento adequados para os praticantes.",6
664,"DISTRITO FEDERAL","ATIVIDADES IMOBILIARIAS","A análise dos acidentes de trabalho no setor ""ATIVIDADES IMOBILIARIAS"" no Distrito Federal revela que o maior risco é relacionado ao uso de veículos, como motocicletas e motoneatas, que podem levar a lesões graves, como fraturas. Além disso, também há um risko não tão óbvio de doenças decorrentes do estresse e ansiedade generalizada entre os trabalhadores da área.",2
666,"DISTRITO FEDERAL","ATIVIDADES JURIDICAS, DE CONTABILIDADE E DE AUDITORIA","A análise dos acidentes de trabalho no setor ""ATIVIDADES JURIDICAS, DE CONTABILIDADE E DE AUDITORIA"" no Distrito Federal sugere que os principais riscos envolvem lesões relacionadas a deslocamentos e movimentação (trajeto), como contusões e fraturas, frequentemente associados à falta de cuidado ou atenção em procedimentos rotineiros. Além disso, há uma preocupante tendência para acidentes causados por agentes externos, como veículos motorizados, o que destaca a necessidade de reforçar medidas de segurança e prevenção para reduzir essas ameaças.",5
671,"DISTRITO FEDERAL","ATIVIDADES VETERINARIAS","A análise dos acidentes de trabalho no setor ""ATIVIDADES VETERINARIAS"" no Distrito Federal revela um quadro preocupante, com predomínio de lesões relacionadas ao contato com animais vivos e movimentação em áreas externas. Além disso, observou-se uma tendência para lesões superficiais e ferimentos nos membros superiores, o que pode ser associado à natureza das atividades desenvolvidas nessa área profissional.",2
673,"DISTRITO FEDERAL","CAPTACAO, TRATAMENTO E DISTRIBUICAO DE AGUA","Baseado nos dados do setor de captura, tratamento e distribuição de água no Distrito Federal, é possível identificar que a lesão mais comum é a fratura, principalmente na parte inferior (PE) do corpo, o que pode indicar uma exposição ao risco de quedas ou impactos durante a realização das tarefas. Além disso, a ausência de óbitos entre os acidentados sugere que a maioria dos casos não é grave e pode ser tratada com sucesso.",1
674,"DISTRITO FEDERAL","COLETA, TRATAMENTO E DISPOSICAO DE RESIDUOS; RECUPERACAO DE MATERIAIS","A análise dos acidentes de trabalho no setor ""COLETA, TRATAMENTO E DISPOSICAO DE RESIDUOS; RECUPERACAO DE MATERIAIS"" no estado do Distrito Federal revela que os riscos mais comuns são relacionados à superfície utilizada para sustentar pessoas (chão) e a falta de atenção às condições de trabalho seguras, o que pode levar a lesões variadas, incluindo distensão toracal e contusões.",61
735,"DISTRITO FEDERAL","COMERCIO E REPARACAO DE VEICULOS AUTOMOTORES E MOTOCICLETAS","A análise dos acidentes de trabalho no setor de Comércio e Reparação de Veículos Automotivos e Motocicletas no Distrito Federal revela que os principais agentes envolvidos são veículos motorizados (motocicleta, motoneta e carro) e máquinas (britador e moinho), o que sugere uma alta exposição a riscos de trânsito e operação de equipamentos pesados. Além disso, a predominância de lesões na parte superior do corpo (branco, ombro e braço) e em membros inferiores (perna) indica uma possibilidade de quedas e colisões durante a realização das tarefas laborais.",22
757,"DISTRITO FEDERAL","COMERCIO POR ATACADO, EXCETO VEICULOS AUTOMOTORES E MOTOCICLETAS","A análise dos acidentes de trabalho no setor ""Comércio por Atacado"" no Distrito Federal revela um padrão preocupante de lesões mais graves e freqüentes na extremidade superior do corpo, especialmente nos braços e mãos. Além disso, a presença de máquinas e ferramentas manuais sem força motriz como agentes causadores de lesões sugere um risco significativo para os trabalhadores que lidam com essas ferramentas.",60
1136,"DISTRITO FEDERAL","SERVICOS DE ARQUITETURA E ENGENHARIA; TESTES E ANALISES TECNICAS","A análise dos acidentes de trabalho no setor ""SERVICOS DE ARQUITETURA E ENGENHARIA; TESTES E ANALISES TECNICAS"" no estado DISTRITO FEDERAL revela que os trabalhadores masculinos são mais afetados por lesões, com predominância de lesões superficiais e lesões por exposição a agentes físicos (ferramentas manuais e edifícios).",6
1247,"DISTRITO FEDERAL","TRANSPORTE AEREO","A análise dos acidentes de trabalho no setor ""TRANSPORTE AEREO"" no estado DISTRITO FEDERAL revela que o principal agente de risco é a motocicleta e motoetê, responsável por quase 60% dos casos. Além disso, verifica-se uma tendência para lesões superficiais e traumáticos não especificados em diferentes regiões do corpo.",7
817,"DISTRITO FEDERAL","COMERCIO VAREJISTA","A análise dos acidentes de trabalho no setor de comércio varejista do Distrito Federal revela que o maior risco é o envolvimento com veículos rodoviários motorizados, tanto para homens quanto mulheres, sendo a lesão mais comum fratura. Além disso, a falta de atenção ao cuidado com as máquinas e ferramentas também é um fator importante, como demonstrado pela frequência de acidentes envolvendo serras, motocicletas e outros tipos de aparelhos manuais ou motorizados.",134
951,"DISTRITO FEDERAL","CONFECCAO DE ARTIGOS DO VESTUARIO E ACESSORIOS","A análise dos acidentes de trabalho no setor de confecção de artigos do vestuário e acessórios no Distrito Federal revela que os principais fatores envolvidos são equipamentos móveis ou fixados, como escadas e máquinas de costurar, que contribuem para lesões mais frequentemente em membros inferiores (perna) e superiores (mão). Além disso, a falta de habilidade e treinamento parece ser um fator crítico, levando a lesões graves e necessitando de intervenções médicas imediatas.",3
954,"DISTRITO FEDERAL","CONSTRUCAO DE EDIFICIOS","A análise dos acidentes de trabalho no setor de construção de edifícios no Distrito Federal revela um padrão de lesões relacionadas à manipulação de materiais e ferramentas manuais, o que sugere uma falta de treinamento ou uso inadequado destas ferramentas. Além disso, a presença de veículos rodoviários motorizados como agente causador de acidentes é um indicativo de risco não apenas para os trabalhadores da construção civil, mas também para pedestres e outros usuários da via pública.",32
986,"DISTRITO FEDERAL","CORREIO E OUTRAS ATIVIDADES DE ENTREGA","A análise dos acidentes de trabalho no setor ""Correio e outras atividades de entrega"" no Distrito Federal indica que a motocicleta/motoneta é o agente mais frequentemente associado a lesões, representando cerca de 60% das ocorrências. Além disso, os acidentes relacionados ao trânsito e ao ambiente de trabalho (piso de mina, chão) também são significativamente comuns nesse setor.",16
1002,"DISTRITO FEDERAL","EDUCACAO","A análise dos acidentes de trabalho no setor de educação no Distrito Federal revela que há uma concentração de lesões relacionadas a movimento e deslocamento, como luxações e distensões, principalmente envolvendo membros inferiores. Além disso, a falta de atenção às superfícies utilizadas para sustentação de pessoas (chão) e a utilização inadequada de mobiliário e acessórios (cadeira banco) também são fatores contribuintes para os acidentes.",37
1039,"DISTRITO FEDERAL","ELETRICIDADE, GAS E OUTRAS UTILIDADES","Os dados revelam que o setor de eletricidade, gas e outras utilidades no Distrito Federal apresenta um padrão de lesões mais frequentemente relacionadas à atividade manual ou ao uso de máquinas e ferramentas, com destaque para lesões craniocorticais e extremidades (braço e pé). Além disso, há uma maior frequência de acidentes envolvendo agentes mecânicos, como serras e telhados.",5
1044,"DISTRITO FEDERAL","EXTRACAO DE MINERAIS NAO METALICOS","A análise dos acidentes de trabalho no setor ""Extração de Minerais Não Metallicos"" no Distrito Federal revela que há um risco significativo de lesões imediatas envolvendo ferramentas manuais sem força motriz, como serras e serrotas. Além disso, nota-se uma frequência relativamente alta de acidentes em municípios da área metropolitana de Brasília, o que pode estar relacionado à concentração de indústrias e atividades econômicas nessa região.",1
1045,"DISTRITO FEDERAL","FABRICACAO DE BEBIDAS","A análise dos acidentes de trabalho no setor ""FABRICACAO DE BEBIDAS"" no estado DISTRITO FEDERAL revela que a lesão mais comum é a queimadura, principalmente na parte do corpo não especificada. Isso sugere um risco significativo associado ao uso de líquidos quentes ou agressivos em processo produtivo, o que pode ser mitigado com a implementação de medidas de segurança adequadas e treinamento para os trabalhadores.",1
1046,"DISTRITO FEDERAL","FABRICACAO DE MOVEIS","Com base no conjunto de acidentes de trabalho no setor ""Fabricação de Móveis"" no Distrito Federal, é possível identificar um padrão preocupante: a lesão mais comum é relacionada ao uso de máquinas e ferramentas (como politriz, lixadora e esmeril), o que sugere uma vulnerabilidade à lesões por corte ou laceracão. Além disso, a falta de óbitos não significa ausência de riscos graves, pois os acidentes podem levar a sequelas permanentes ou incapacitação laboral.",1
1047,"DISTRITO FEDERAL","FABRICACAO DE PRODUTOS ALIMENTICIOS","A análise dos acidentes de trabalho no setor de fabricação de produtos alimentícios no Distrito Federal revela que os principais agentes envolvidos são ferramentas manuais (serras e serramentos) e transporte com força motriz, o que indica uma falta de atenção à segurança nas práticas laborais. Além disso, a lesão mais comum é a fratura ou contusão em membros inferiores, especialmente no dedo e joelho, sugerindo um padrão de risco associado ao contato com superfícies ou estruturas.",29
1076,"DISTRITO FEDERAL","FABRICACAO DE PRODUTOS DE BORRACHA E DE MATERIAL PLASTICO","Com base nos dados, é possível identificar que a principal causa de acidentes de trabalho no setor de fabricação de produtos de borracha e material plástico no Distrito Federal é a escoriação e abrasão ferimento superficial, provavelmente decorrente da manipulação inadequada de máquinas ou ferramentas. Além disso, parece haver um risco elevado de lesões superficiais e contusões nos dedos sem lesão da unha, sugerindo uma falta de atenção à segurança individual e ao uso adequado de equipamentos protetivos.",1
1077,"DISTRITO FEDERAL","FABRICACAO DE PRODUTOS DE MADEIRA","A análise dos acidentes de trabalho no setor ""Fabricação de Produtos de Madeira"" no Distrito Federal indica que há um risco significativo de lesões graves, especialmente aquelas relacionadas a fraturas, como demonstrado pelo padrão de ocorrência de fraturas em diferentes áreas do corpo. Além disso, a análise sugere que a superfície utilizada para sustentar pessoas (agente ""CHAO"") é um fator de risco importante nesse setor.",1
1078,"DISTRITO FEDERAL","FABRICACAO DE PRODUTOS DE METAL, EXCETO MAQUINAS E EQUIPAMENTOS","Com base nos dados analisados, observa-se que há uma predominância de lesões relacionadas a fraturas e cortes lacerações na região do tronco e membros superiores, o que sugere um risco associado à manipulação manual e movimentação de materiais pesados no ambiente de fabricação. Além disso, é notável a frequência de lesões decorrentes da utilização de serras e máquinas, o que indica a necessidade de treinamento e uso correto dessas ferramentas para prevenir acidentes.",5
1083,"DISTRITO FEDERAL","FABRICACAO DE PRODUTOS DE MINERAIS NAO METALICOS","A análise dos acidentes de trabalho no setor de fabricação de produtos de minerais não metais no Distrito Federal revela um padrão preocupante de lesões corporais, especialmente nos membros inferiores e dedos, decorrentes da exposição a agentes como tubo, cerâmica, fruta e derivados, motocicleta e motoeletrotécnica. Além disso, há uma maior frequência de lesões imediatas e ferimentos superficiais, o que sugere uma cultura de risco e falta de adesão a padrões de segurança no local de trabalho.",5
1088,"DISTRITO FEDERAL","FABRICACAO DE PRODUTOS DIVERSOS","A análise dos acidentes de trabalho no setor de fabricação de produtos diversos no Distrito Federal revela que o grupo mais exposto a lesões é o sexo masculino, com um padrão de risco associado ao uso de escadas móveis ou fixas, o que sugere a necessidade de treinamento e implementação de medidas de segurança adequadas para minimizar esses riscos. Além disso, a análise também destaca a importância da educação e treinamento dos trabalhadores em relação à prevenção de lesões por distensão torácica e contusão do tornozelo.",1
1089,"DISTRITO FEDERAL","IMPRESSAO E REPRODUCAO DE GRAVACOES","Os acidentes de trabalho no setor de impressão e reprodução de gravações no Distrito Federal apresentam um padrão preocupante de lesões múltiplas e traumatismos musculares, sugerindo que a falta de treinamento ou uso inadequado de ferramentas manuais sem força motriz pode estar relacionada à ocorrência desses acidentes. Além disso, é notável a alta frequência de lesões nos membros inferiores e pés, o que pode indicar um risco específico associado ao uso de máquinas pesadas ou exercícios físicos intensos na rotina trabalhista.",2
1091,"DISTRITO FEDERAL","OBRAS DE INFRAESTRUTURA","A análise dos acidentes de trabalho no setor de obras de infraestrutura no Distrito Federal indica que os acidentes típicos são caracterizados por lesões graves, especialmente fraturas e ferimentos superficiais, tendo sido envolvidas máquinas e veículos motorizados em três dos quatro casos.",5
1096,"DISTRITO FEDERAL","ORGANISMOS INTERNACIONAIS E OUTRAS INSTITUICOES EXTRATERRITORIAIS","Baseado nos dados do setor ""ORGANISMOS INTERNACIONAIS E OUTRAS INSTITUICOES EXTRATERRITORIAIS"" no estado DISTRITO FEDERAL, é possível identificar um padrão de lesões relacionadas a movimentação e mobilidade, como luxações, contusões e distensões musculares, sugerindo que os trabalhadores desse setor estão mais propensos a sofrer lesões enquanto se locomovem ou realizam movimentos físicos durante o exercício de suas funções. Além disso, é importante destacar a ausência de óbitos registrados, o que sugere uma boa segurança e prevenção nos acidentes no setor em questão.",3
1099,"DISTRITO FEDERAL","OUTRAS ATIVIDADES DE SERVICOS PESSOAIS","A análise dos acidentes de trabalho no setor ""OUTRAS ATIVIDADES DE SERVICOS PESSOAIS"" no Distrito Federal revela que a lesão mais comum é a contusão esmagamento superficial, afetando principalmente as partes do corpo como face, crânio, dorso e pélve. Além disso, foi observado um padrão de risco associado à mobilidade e transporte, com acidentes relacionados a veículos rodoviários motorizados e motocicletas.",7
1106,"DISTRITO FEDERAL","PESQUISA E DESENVOLVIMENTO CIENTIFICO","Os dados sugerem que o setor de Pesquisa e Desenvolvimento Científico no Distrito Federal apresenta um risco elevado de lesões graves, especialmente relacionadas a movimentação ou fixação de materiais pesados (como escada móvel ou fixada), afetando preferencialmente os braços. Isso indica que é fundamental implementar medidas de segurança e treinamento para os funcionários que trabalham com essas condições.",1
1107,"DISTRITO FEDERAL","SEGUROS, RESSEGUROS, PREVIDENCIA COMPLEMENTAR E PLANOS DE SAUDE","A análise dos acidentes de trabalho no setor ""SEGUROS, RESSEGUROS, PREVIDENCIA COMPLEMENTAR E PLANOS DE SAUDE"" no estado DISTRITO FEDERAL revela que existem riscos associados ao contato com animais vivos no local de trabalho. Isso sugere uma necessidade de treinamento e precauções específicas para os trabalhadores que lidam com esses agentes, especialmente em locais como a BRASÍLIA, onde há um maior risco de acidentes graves.",1
1108,"DISTRITO FEDERAL","SELECAO, AGENCIAMENTO E LOCACAO DE MAO DE OBRA","Baseado nos dados, é possível identificar que o setor de seleção, agenciamento e locação de mão de obra no Distrito Federal apresenta um risco significativo de lesões imediatas e traumáticas, principalmente envolvendo a parte superior do corpo, como dedos e membros superiores. Além disso, é notável a ocorrência de acidentes relacionados à superfície utilizada para sustentar pessoas, como chão e telhado.",23
1137,"DISTRITO FEDERAL","SERVICOS DE ASSISTENCIA SOCIAL SEM ALOJAMENTO","A análise dos acidentes de trabalho no setor de Serviços de Assistência Social sem Alojamento no Distrito Federal revela que a maior parte das lesões é resultado de acidentes típicos, principalmente relacionados à falta de atenção e à desatenção com o ambiente de trabalho. Além disso, observou-se uma tendência para lesões mais superficiais, como escoriações e abrasões, sugerindo que os trabalhadores podem estar subestimando os riscos em seu cotidiano.",3
1140,"DISTRITO FEDERAL","SERVICOS DE ESCRITORIO, DE APOIO ADMINISTRATIVO E OUTROS SERVICOS PRESTADOS PRINCIPALMENTE AS EMPRESAS","A análise dos acidentes de trabalho no setor ""Serviços de Escritório, de Apoio Administrativo e Outros Serviços Prestados Principalmente às Empresas"" no Estado do Distrito Federal revela um padrão de lesões mais comuns em áreas como joelhos, tornozelos e membros inferiores. Além disso, a análise também sugere que os riscos são relativamente maiores em superfícies utilizadas para sustentar pessoas (rampas) e em contextos de movimentação (tração) ou uso de equipamentos elétricos, o que requer atenção especial para prevenção e redução desses acidentes.",41
1181,"DISTRITO FEDERAL","SERVICOS ESPECIALIZADOS PARA CONSTRUCAO","Com base nos dados, destaco que o setor ""SERVICOS ESPECIALIZADOS PARA CONSTRUCAO"" no Estado do Distrito Federal apresenta um padrão de risco elevado para lesões imediatas e fraturas, principalmente relacionadas a acidentes de trânsito e exposição a substâncias químicas. Além disso, nota-se uma tendência para lesões na parte superior do corpo, como olho e dedos, o que pode indicar um risco maior para trabalhadores envolvidos em atividades específicas desse setor.",31
1212,"DISTRITO FEDERAL","SERVICOS PARA EDIFICIOS E ATIVIDADES PAISAGISTICAS","A análise dos acidentes de trabalho no setor ""Serviços para Edifícios e Atividades Paisagísticas"" no Distrito Federal revela que os principais riscos são relacionados à falta de atenção com a segurança em superfícies utilizadas para sustentar pessoas (chão) e ao uso indevido de máquinas e equipamentos. Além disso, é perceptível uma tendência aumentada nos acidentes de trânsito envolvendo motocicletas e veículos rodoviários motorizados, o que reforça a importância da conscientização sobre segurança viária no local de trabalho.",26
1238,"DISTRITO FEDERAL","TELECOMUNICACOES","A análise dos acidentes de trabalho no setor de telecomunicações no Distrito Federal revela que os principais riscos são relacionados ao uso de veículos (rodoviários motorizados e não motorizados) e a exposição a agentes físicos, como arco elétrico e fogo. Além disso, nota-se uma frequência maior de lesões imediatas nos membros superiores e tronco, sugerindo um padrão de risco ocupacional associado à atividade laboral específica.",8
1253,"DISTRITO FEDERAL","TRANSPORTE TERRESTRE","A análise dos acidentes de trabalho no setor de transporte terrestre no Distrito Federal revela um perfil de risco predominante relacionado a lesões causadas por veículos (50% dos casos) e máquinas/equipamentos (25%). Isso sugere que os trabalhadores nesse setor precisam receber treinamento especializado em segurança e prévenção de acidentes, especialmente em relação ao uso seguro de veículos e máquinas.",52
1305,"MINAS GERAIS","ADMINISTRACAO PUBLICA, DEFESA E SEGURIDADE SOCIAL","A análise dos acidentes de trabalho no setor de Administração Pública, Defesa e Segurança Social em Minas Gerais revela que os principais agentes responsáveis são veículos rodoviários motorizados e superfícies utilizadas para sustentação de pessoas, com um padrão de lesões frequentemente relacionados a problemas musculares e ósseos. Além disso, há uma tendência para acidentes ocorrerem em áreas urbanas, como Juiz de Fora e Belo Horizonte.",428
1733,"MINAS GERAIS","AGENCIAS DE VIAGENS, OPERADORES TURISTICOS E SERVICOS DE RESERVAS","A análise dos acidentes de trabalho no setor ""AGENCIAS DE VIAGENS, OPERADORES TURISTICOS E SERVICOS DE RESERVAS"" no estado de Minas Gerais revela que os principais riscos são relacionados ao uso da motocicleta e motoneta, com um padrão claro de lesões graves, como fraturas e amputações, em áreas específicas do corpo, como os dedos e o pé. Além disso, a maioria dos casos ocorre no município de Belo Horizonte, o que sugere uma concentração de riscos nessa região.",3
1736,"MINAS GERAIS","AGRICULTURA, PECUARIA E SERVICOS RELACIONADOS","A análise dos acidentes de trabalho no setor de agricultura, pecuária e serviços relacionados no estado de Minas Gerais revela que o principal risco é a lesão muscular e articular, especialmente na parte inferior do corpo (membros inferiores) e no dorso. Além disso, os acidentes relacionados à superfície de sustentação de pessoas, veículos de tração animal e máquinas agrícolas também são frequentes.",101
2019,"MINAS GERAIS","ALOJAMENTO","A análise dos acidentes de trabalho no setor ""ALOJAMENTO"" do estado Minas Gerais revela que houve um padrão de lesões relacionadas a problemas de superfície utilizada para sustentação de pessoas (chao) e mobiliário, com destaque para lesões ortopédicas e lesões cutaneas. Além disso, nota-se uma tendência de acidentes ocorrendo em diferentes municípios do estado, mas com uma predominância de ocorrências em Belo Horizonte e Pousos Alegre.",36
2055,"MINAS GERAIS","ALUGUEIS NAO IMOBILIARIOS E GESTAO DE ATIVOS INTANGIVEIS NAO FINANCEIROS","A análise dos acidentes de trabalho no setor ""Alugueis não imobiliários e gestão de ativos intangíveis não financeiros"" no estado de Minas Gerais revela que o risco mais elevado é a lesão causada por máquinas e aparelhos (44,4%), seguida da lesão por animais (16,7%). Além disso, os dados indicam uma tendência para os acidentes ocorrerem em locais como Belo Horizonte e Contagem, que podem ter fatores de risco específicos.",56
2111,"MINAS GERAIS","ARMAZENAMENTO E ATIVIDADES AUXILIARES DOS TRANSPORTES","Com base nos dados analisados, destaco que o setor de Armazenamento e Atividades Auxiliares dos Transportes no estado de Minas Gerais apresenta um padrão preocupante de lesões relacionadas a acidentes de transporte rodoviário, com predominância de lesões superficiais e múltiplas envolvendo os membros superiores e inferiores. Além disso, noto uma ausência significativa de lesões graves e óbitos, o que pode indicar um nível razoável de profissionalismo e segurança nas atividades desenvolvidas.",73
2184,"MINAS GERAIS","ATIVIDADES ARTISTICAS, CRIATIVAS E DE ESPETACULOS","A análise dos acidentes de trabalho no setor ""ATIVIDADES ARTISTICAS, CRIATIVAS E DE ESPETACULOS"" em Minas Gerais revela que existem riscos significativos associados ao deslocamento e ao transporte, especialmente para os trabalhadores do sexo masculino. Além disso, a lesão imediata mais comum é relacionada à parte inferior do corpo.",1
2185,"MINAS GERAIS","ATIVIDADES AUXILIARES DOS SERVICOS FINANCEIROS, SEGUROS, PREVIDENCIA COMPLEMENTAR E PLANOS DE SAUDE","A análise dos acidentes de trabalho no estado de Minas Gerais, no setor de atividades auxiliares dos serviços financeiros, seguros, previdência complementar e planos de saúde, revela uma tendência significativa de lesões envolvendo membros superiores (braço e mão) e face. Além disso, é perceptível um risco elevado de acidentes relacionados ao uso de veículos (moto e bicicleta), principalmente em áreas urbanas (JUIZ DE FORA e BELO HORIZONTE).",5
2190,"MINAS GERAIS","ATIVIDADES DE ATENCAO A SAUDE HUMANA","A análise dos acidentes de trabalho no setor ""ATIVIDADES DE ATENCAO A SAUDE HUMANA"" no estado Minas Gerais revela que a maioria das lesões é classificada como ""Lesão imediata"", o que sugere uma alta propensão a lesões agudas e não relacionadas à doença ocupacional. Além disso, a presença de agentes do acidente, como mobiliário, motocicleta, substâncias químicas e produtos animais, indica um risco elevado associado ao uso de equipamentos e materiais no ambiente laboral.",1012
3337,"MINAS GERAIS","ATIVIDADES DE PRESTACAO DE SERVICOS DE INFORMACAO","A análise dos acidentes de trabalho no setor ""ATIVIDADES DE PRESTACAO DE SERVICOS DE INFORMACAO"" no estado de Minas Gerais revela um padrão preocupante de lesões relacionadas à fratura e contusão, especialmente em trabalhadores do sexo masculino. Além disso, a presença de agente como alvate, britador e moinho sugere uma elevada exposição a riscos mecânicos e físicos no ambiente laboral.",4
3202,"MINAS GERAIS","ATIVIDADES DE ATENCAO A SAUDE HUMANA INTEGRADAS COM ASSISTENCIA SOCIAL, PRESTADAS EM RESIDENCIAS COLETIVAS E PARTICULARES","A análise dos acidentes de trabalho no setor ""Atividades de atenção à saúde humana integradas com assistência social, prestadas em residências coletivas e particulares"" no estado de Minas Gerais revela que os trabalhadores femininos são mais propensos a sofrer lesões ligadas ao deslocamento toracal (distensão torçao) e entorse de articulação do ombro. Além disso, é notável a predominância de acidentes relacionados à superfície utilizada para sustentar pessoas (chão), destacando a importância da implementação de medidas de segurança eficazes nesse setor.",33
3235,"MINAS GERAIS","ATIVIDADES DE ORGANIZACOES ASSOCIATIVAS","A análise dos acidentes de trabalho no setor ""ATIVIDADES DE ORGANIZACOES ASSOCIATIVAS"" no estado de Minas Gerais revela que os homens são mais afetados por lesões do que as mulheres, com um predomínio de lesões nas extremidades superiores e inferiores. Além disso, a maioria dos acidentes é resultado de ações humanas (agente vivo) ou de interação com objetos móveis (veículo rodoviário motorizado), destacando a importância da atenção às condições de trabalho e à educação sobre prevenção de acidentes.",102
5028,"MINAS GERAIS","EDUCACAO","A análise dos acidentes de trabalho no setor de Educação em Minas Gerais revela que os principais agentes envolvidos são equipamentos e máquinas (54% dos casos), seguidos por superfície e estrutura (23%). Além disso, nota-se uma predominância de lesões superficiais e não letais (81% dos casos), sugerindo a necessidade de implementar medidas preventivas para reduzir esses tipos de acidentes.",178
3341,"MINAS GERAIS","ATIVIDADES DE RADIO E DE TELEVISAO","A análise dos acidentes de trabalho no setor ""ATIVIDADES DE RADIO E DE TELEVISÃO"" em Minas Gerais revela que há um risco significativo de lesões imediatas, principalmente nos membros superiores, provavelmente relacionadas ao uso de veículos ou objetos pesados. Além disso, observou-se uma tendência para acidentes mais graves e complexos, sugerindo a necessidade de medidas preventivas específicas para minimizar esses riscos.",2
3343,"MINAS GERAIS","ATIVIDADES DE SEDES DE EMPRESAS E DE CONSULTORIA EM GESTAO EMPRESARIAL","A análise dos acidentes de trabalho no setor ""ATIVIDADES DE SEDES DE EMPRESAS E DE CONSULTORIA EM GESTAO EMPRESARIAL"" no estado de Minas Gerais revela que os principais riscos são relacionados à falta de segurança na circulação veicular, com 40% dos casos ocorrendo em consequência de acidentes de trânsito, e a exposição física, com 30% das lesões ocorrendo por contusão ou abrasão.",7
3350,"MINAS GERAIS","ATIVIDADES DE SERVICOS FINANCEIROS","Baseado nos dados, é possível identificar que o setor de atividades financeiras no estado de Minas Gerais registrou um número significativo de acidentes relacionados a trajetos e agentes externos, como veículos motorizados e superfícies utilizadas para sustentação. Além disso, nota-se uma maior frequência de lesões corporais graves, como fraturas e amputações, o que pode indicar um risco elevado para os trabalhadores nesse setor.",16
3366,"MINAS GERAIS","ATIVIDADES DE VIGILANCIA, SEGURANCA E INVESTIGACAO","A análise dos acidentes de trabalho no setor ""ATIVIDADES DE VIGILANCIA, SEGURANCA E INVESTIGACAO"" no estado de Minas Gerais revela um padrão preocupante de lesões relacionadas a veículos motorizados (motores e motonetas), especialmente em Belo Horizonte. Esses acidentes frequentemente envolvem lesões na área facial, membros inferiores e superiores, o que sugere uma falta de conscientização sobre as regras de trânsito e a importância da segurança no uso desses veículos.",41
14124,"PARANÁ","TRANSPORTE TERRESTRE","A análise dos acidentes de trabalho no setor de transporte terrestre no estado do Paraná durante o ano de 2025 revela que os principais agentes envolvidos foram veículos, escadas móveis ou fixadas e agentes do acidente. Além disso, a lesão mais comum foi a lesão imediata em várias partes do corpo, seguida de fraturas e contusões.",247
3407,"MINAS GERAIS","ATIVIDADES DOS SERVICOS DE TECNOLOGIA DA INFORMACAO","A análise dos acidentes de trabalho no setor de tecnologia da informação em Minas Gerais revela que a maioria das lesões ocorrem durante trajetos (43,4%) e são relacionadas à lesão imediata não especificada (14,3%). Além disso, é notável a presença de agentes agressivos como mobiliário e acessórios, escada móvel ou fixada, veículo rodoviário motorizado e britador/moinho.",24
3431,"MINAS GERAIS","ATIVIDADES ESPORTIVAS E DE RECREACAO E LAZER","A análise dos acidentes de trabalho no setor de atividades esportivas e recreação e lazer no estado de Minas Gerais revela que a maioria das lesões é decorrente de distensão torcada, contusão e esmagamento superficial. Além disso, observa-se uma frequência significativa de acidentes relacionados ao uso de escaladas móveis ou fixadas, veículos e animais vivos, o que sugere a necessidade de implementar medidas de segurança específicas para essas áreas.",24
3494,"MINAS GERAIS","CAPTACAO, TRATAMENTO E DISTRIBUICAO DE AGUA","A análise dos acidentes de trabalho no setor ""CAPTACAO, TRATAMENTO E DISTRIBUICAO DE AGUA"" no estado de Minas Gerais revela que os trabalhadores masculinos são os mais afetados, com lesões decorrentes principalmente de motocicletas e motoneatas. Além disso, nota-se a ocorrência de lesões causadas por animais vivos e máquinas, o que sugere riscos específicos relacionados ao ambiente laboral.",31
3455,"MINAS GERAIS","ATIVIDADES IMOBILIARIAS","A análise dos acidentes de trabalho no setor de atividades imobiliárias em Minas Gerais revela que a maioria das lesões ocorrem em função do uso de veículos (51,9%), destacando-se os incidentes envolvendo motocicletas e rodoviários. Além disso, é perceptível um risco crescente de lesões graves, como fraturas e amputações, especialmente na perna e no pé, o que sugere a necessidade de medidas preventivas específicas para minimizar esses riscos.",15
12677,"PARANÁ","FABRICACAO DE PRODUTOS DE METAL, EXCETO MAQUINAS E EQUIPAMENTOS","A análise dos acidentes de trabalho no setor de fabricação de produtos de metal, exceto máquinas e equipamentos, no estado do Paraná, sugere que a maioria das lesões (65%) ocorreu por meio de agentes mecânicos (serras, prensas, ferramentas manuais) e que as partes afetadas foram principalmente os dedos (35%) e as mãos (20%).",121
3470,"MINAS GERAIS","ATIVIDADES JURIDICAS, DE CONTABILIDADE E DE AUDITORIA","Com base nos dados, é possível identificar que o setor de atividades jurídicas, contabilidade e auditoria no estado de Minas Gerais apresenta um padrão de acidentes de trabalho relacionados à mobilidade e uso de veículos (moto), o que sugere uma necessidade de reforço na educação e capacitação sobre segurança no trânsito. Além disso, a análise também revela uma tendência maior de lesões em mulheres do sexo feminino, o que pode indicar a importância de medidas específicas para prevenir acidentes de trabalho entre essa parcela da população.",13
3483,"MINAS GERAIS","ATIVIDADES LIGADAS AO PATRIMONIO CULTURAL E AMBIENTAL","A análise dos acidentes de trabalho no setor de Atividades Ligadas ao Patrimônio Cultural e Ambiental em Minas Gerais revela uma tendência preocupante de lesões relacionadas à manipulação de materiais e exposição a agentes físicos, como pressão ambiente baixa e chao inestável. Além disso, a frequência de lesões no braço e pescoco sugere um risco específico para essas regiões do corpo, que deve ser objeto de atenção especial em programas de prevenção e treinamento.",4
3487,"MINAS GERAIS","ATIVIDADES VETERINARIAS","Os acidentes de trabalho no setor de atividades veterinárias em Minas Gerais apresentam um perfil caracterizado por lesões relacionadas a animais vivos, como escoriação e ferimentos superficiais, bem como traumatismos múltiplos não especificados. Além disso, há um risco significativo associado ao uso de veículos, como bicicletas e motocicletas, o que sugere a necessidade de implementação de medidas de segurança específicas para este tipo de trabalho.",4
3522,"MINAS GERAIS","COLETA, TRATAMENTO E DISPOSICAO DE RESIDUOS; RECUPERACAO DE MATERIAIS","A análise dos acidentes de trabalho no setor ""Coleta, Tratamento e Disposição de Residuos; Recuperação de Materiais"" no estado de Minas Gerais revela que a maioria das lesões (80%) ocorreu por causas relacionadas à máquina ou equipamento (MAQUINA TEXTIL, MAQUINA DE EMBALAR OU EMPACOTAR, SUPERFICIE E ESTRUTURA), destacando a importância da implementação de medidas de segurança e treinamento para os operários que trabalham com essas máquinas.

Além disso, o estudo também indica que a lesão mais comum foi a contusão esmagamento superficial (40%), seguida pela luxação (20%), mostrando que é fundamental investir em programas de prevenção e reabilitação para os trabalhadores que sofrem essas lesões.",91
3613,"MINAS GERAIS","COMERCIO E REPARACAO DE VEICULOS AUTOMOTORES E MOTOCICLETAS","Com base nos dados analisados, destaco que o setor de comércio e reparação de veículos automotivos e motocicletas no estado de Minas Gerais apresenta um padrão de acidentes relacionados ao uso de motocicletas e motoneatas, especialmente em Belo Horizonte. Além disso, há um risco elevado de lesões graves e fatais, com um percentual significativo de casos reportando fraturas e queimaduras, o que justifica a implementação de medidas de segurança específicas para prevenir esses tipos de acidentes.",162
3775,"MINAS GERAIS","COMERCIO POR ATACADO, EXCETO VEICULOS AUTOMOTORES E MOTOCICLETAS","A análise dos acidentes de trabalho no setor de comércio por atacado, exceto veículos automotivos e motocicletas, em Minas Gerais, revela que os principais riscos são relacionados à lesões múltiplas e contusões, especialmente nas partes inferiores do corpo, como punhos e dedos. Além disso, há um aumento nos casos de lesões graves, como fraturas e distensão torcada, associadas ao uso de máquinas e veículos.",339
4114,"MINAS GERAIS","COMERCIO VAREJISTA","A análise dos acidentes de trabalho no setor de comércio varejista em Minas Gerais revela que a grande maioria das lesões (80%) é decorrente de acidentes tipo ""trajeto"", caracterizados por colisões entre veículos ou pedestres, o que indica um risco significativo de danos graves para os trabalhadores nesse setor. Além disso, as lesões mais frequentes são aquelas relacionadas a problemas musculoesqueléticos e traumas contundentes, destacando a importância da prevenção de acidentes e treinamento dos trabalhadores em segurança no trabalho.",647
4761,"MINAS GERAIS","CONFECCAO DE ARTIGOS DO VESTUARIO E ACESSORIOS","A análise dos acidentes de trabalho no setor de confecção de artigos do vestuário e acessórios em Minas Gerais revela um padrão preocupante: a maioria dos acidentes é decorrente da intervenção de máquinas e equipamentos, o que sugere uma falta de treinamento adequado ou inadequada utilização destes recursos. Além disso, há um risco elevado de lesões graves e fatais relacionadas à violência física, como concussão cerebral e fratura do coccyx.",31
4792,"MINAS GERAIS","CONSTRUCAO DE EDIFICIOS","A análise dos acidentes de trabalho no setor de construção de edifícios em Minas Gerais revela uma tendência significativa de lesões ocorrendo em trabalhadores masculinos, com predomínio de lesões nas extremidades superiores (braço e dedos) e na parte superior do corpo (cabeça e ombro). Além disso, há uma concentração de acidentes em Belo Horizonte, que pode indicar a necessidade de intervenções específicas para reduzir os riscos no local.",162
4954,"MINAS GERAIS","CORREIO E OUTRAS ATIVIDADES DE ENTREGA","Com base nos dados, é possível identificar que o setor de correio e outras atividades de entrega apresenta um padrão de acidentes relacionados à falta de cuidado na manutenção da superfície utilizada para sustentar pessoas (chao), como chutes e quedas. Além disso, a maioria dos casos envolve lesões superficiais e dolorosas, o que sugere que é fundamental implementar medidas de segurança e treinamento para os trabalhadores nesse setor.",33
4987,"MINAS GERAIS","EDICAO E EDICAO INTEGRADA A IMPRESSAO","A análise dos acidentes de trabalho no setor ""EDICAO E EDICAO INTEGRADA A IMPRESSAO"" no estado Minas Gerais revela que os trabalhadores são mais propensos a sofrer lesões nos membros inferiores, como joelhos e pernas, frequentemente associadas à manipulação de equipamentos móveis ou fixados. Além disso, o estudo sugere que o risco de acidentes é maior em cidades como Belo Horizonte e Montes Claros, possivelmente devido ao maior volume de atividade econômica e trabalhista nessas regiões.",2
5167,"MINAS GERAIS","ELETRICIDADE, GAS E OUTRAS UTILIDADES","A análise dos acidentes de trabalho no setor de eletricidade, gas e outras utilidades em Minas Gerais revela que os principais agentes causadores de lesões são máquinas e equipamentos (45%), seguido por objetos e materiais (25%). Juntamente com isso, há uma concentração de acidentes em áreas específicas do corpo, como a face, mãos e pés, o que sugere uma vulnerabilidade nos procedimentos de trabalho que envolvem atividades manuais ou manipulação de materiais.",7
5174,"MINAS GERAIS","ESGOTO E ATIVIDADES RELACIONADAS","A análise dos acidentes de trabalho no setor ""ESGOTO E ATIVIDADES RELACIONADAS"" no estado Minas Gerais revela que há um padrão de lesões ligadas à movimentação e manipulação de materiais, com destaque para lesões nos membros inferiores (PE), o que sugere a necessidade de implementar medidas de segurança específicas para reduzir os riscos associados às atividades físicas intensas.",1
5175,"MINAS GERAIS","EXTRACAO DE MINERAIS METALICOS","A análise dos acidentes de trabalho no setor de extração de minérios metálicos em Minas Gerais revela que a maioria das lesões são típicas, ocorrendo em seguida à exposição a substâncias químicas ou à manipulação de ferramentas manuais sem força motriz. Além disso, é possível identificar uma tendência para lesões em partes corporais específicas, como o nariz e dedos, bem como riscos associados ao uso de máquinas e ferramentas sem proteção adequada.",37
6389,"MINAS GERAIS","FABRICACAO DE PRODUTOS DE MINERAIS NAO METALICOS","A análise dos acidentes de trabalho no setor de fabricação de produtos de minerais não metálicos em Minas Gerais revela que a maioria das lesões ocorre por efeitos de objetos e máquinas, como carros-de-mão, políttriz, balcão e móveis. Além disso, há uma tendência significativa para lesões nos membros inferiores e pernas, especialmente fraturas e luxações.",114
5212,"MINAS GERAIS","EXTRACAO DE MINERAIS NAO METALICOS","A análise dos acidentes de trabalho no setor de extração de minerais não metálicos em Minas Gerais revela um padrão preocupante de lesões mais graves e frequentes, principalmente relacionadas a ferimentos por cortes, contusões e esmagamentos, com agentes responsáveis como substâncias químicas, serras-máquinas e perfuratriz-ferramenta portátil. Além disso, observa-se um risco elevado de lesões nos membros superiores e inferiores, o que pode estar relacionado à natureza manual do trabalho em muitos casos.",32
5244,"MINAS GERAIS","FABRICACAO DE BEBIDAS","A análise dos acidentes de trabalho no setor de fabricação de bebidas em Minas Gerais indica que os principais riscos envolvem lesões físicas, principalmente relacionadas à manipulação de máquinas e materiais. Além disso, há uma tendência para lesões mais graves, como fraturas e luxações, o que destaca a importância da implementação de medidas de prevenção e segurança eficazes no local de trabalho.",22
5266,"MINAS GERAIS","FABRICACAO DE CELULOSE, PAPEL E PRODUTOS DE PAPEL","Baseado nos dados, é possível identificar que a maioria dos acidentes de trabalho no setor de fabricação de celulose, papel e produtos de papel em Minas Gerais são lesões ao nível das mãos e dedos, frequentemente relacionadas à manipulação de materiais (papel e pasta) ou uso de máquinas (tesoura, guilhotina, laminadora). Além disso, há uma tendência para lesões superficiais e não letais, o que sugere a importância da implementação de medidas preventivas e treinamentos para os trabalhadores.",27
5349,"MINAS GERAIS","FABRICACAO DE MAQUINAS E EQUIPAMENTOS","A análise dos acidentes de trabalho no setor de fabricação de máquinas e equipamentos no estado de Minas Gerais revela que a maioria das lesões ocorre de forma típica, com exposição a agentes como ferramentas portáteis, maquinários e animais vivos. Além disso, nota-se uma concentração de acidentes em áreas específicas do corpo, como os membros superiores e inferiores, bem como lesões relacionadas ao uso de máquinas e ferramentas.",82
5293,"MINAS GERAIS","FABRICACAO DE COQUE, DE PRODUTOS DERIVADOS DO PETROLEO E DE BIOCOMBUSTIVEIS","A análise dos acidentes de trabalho no setor de fabricação de coque, produtos derivados do petróleo e biocombustíveis no estado de Minas Gerais revela um padrão de risco associado ao uso de ferramentas manuais sem força motriz, como martelos, facões e cordas, que contribuem para lesões cutâneas e musculares. Além disso, a análise também sugere um risco elevado associado à utilização de equipamentos elétricos e máquinas agrícolas, bem como ao transporte pesado, o que pode levar a lesões múltiplas e graves.",39
5332,"MINAS GERAIS","FABRICACAO DE EQUIPAMENTOS DE INFORMATICA, PRODUTOS ELETRONICOS E OPTICOS","A análise dos acidentes de trabalho no setor ""FABRICACAO DE EQUIPAMENTOS DE INFORMÁTICA, PRODUTOS ELETRONICOS E OPTICOS"" em Minas Gerais revela que os acidentes típicos envolvem lesões por corte laceracao ferida contusa punctura ferida aberta e fratura, com agentes como animais vivos, veículos rodoviários motorizados e empilhadeira. Além disso, há um risco elevado de lesões graves, incluindo hemorragia subaracnóide e traumatismo superficial em região não especificada do corpo.",17
5431,"MINAS GERAIS","FABRICACAO DE MAQUINAS, APARELHOS E MATERIAIS ELETRICOS","A análise dos acidentes de trabalho no setor de fabricação de máquinas, aparelhos e materiais elétricos em Minas Gerais revela que o risco mais frequente é associado à lesões por esmagamento ou compressão (27% dos casos), seguido por lesões causadas por movimentos violentos (22%). Além disso, a análise sugere que a falta de atenção ao uso correto das ferramentas e máquinas pode ser um fator crítico na ocorrência desses acidentes.",45
5476,"MINAS GERAIS","FABRICACAO DE MOVEIS","A análise dos acidentes de trabalho no setor de fabricação de móveis em Minas Gerais revela um padrão de lesões mais frequentemente relacionadas à máquinas e equipamentos, como serras e máquinas de corte, o que sugere a necessidade de treinamento e uso seguro dessas ferramentas. Além disso, há uma tendência de lesões nas mãos e dedos, bem como em outras áreas do corpo, o que pode indicar a importância da adoção de medidas preventivas para reduzir os riscos de acidentes em ambientes industriais.",70
5546,"MINAS GERAIS","FABRICACAO DE OUTROS EQUIPAMENTOS DE TRANSPORTE, EXCETO VEICULOS AUTOMOTORES","A análise dos acidentes de trabalho no setor de fabricação de outros equipamentos de transporte, exceto veículos automotivos, em Minas Gerais revela que a maioria das lesões ocorrem em homens e estão relacionadas à manipulação de máquinas e equipamentos elétricos. Isso sugere um risco elevado associado ao uso de tecnologia avançada sem adequada formação e treinamento para os trabalhadores.",3
5549,"MINAS GERAIS","FABRICACAO DE PRODUTOS ALIMENTICIOS","A análise dos acidentes de trabalho no setor de fabricação de produtos alimentícios em Minas Gerais revela que o principal risco é a lesão por corte, laceração ou ferimento causado principalmente por agentes mecânicos, como facas e motocicletas. Além disso, há uma tendência de lesões superficiais e multiplas em diferentes regiões do corpo, especialmente na cabeça, braço e perna.",570
6119,"MINAS GERAIS","FABRICACAO DE PRODUTOS DE BORRACHA E DE MATERIAL PLASTICO","A análise dos acidentes de trabalho no setor de fabricação de produtos de borracha e material plástico em Minas Gerais revela que a maioria das lesões é causada por movimentos repetitivos, pressão ambiental baixa e uso inadequado de máquinas e equipamentos. Além disso, nota-se um elevado número de lesões nas mãos, dedos e pés, o que sugere uma falta de treinamento adequado para as tarefas realizadas nesse setor industrial.",70
6189,"MINAS GERAIS","FABRICACAO DE PRODUTOS DE MADEIRA","A análise dos acidentes de trabalho no setor de fabricação de produtos de madeira em Minas Gerais revela que os principais agentes envolvidos foram máquinas e ferramentas, como serras e caldeiras, o que indica um risco significativo associado ao uso inadequado ou imprudente dessas ferramentas. Além disso, a lesão mais comum foi a fratura, que pode ser relacionada à falta de treinamento ou atenção no manejo de materiais e estruturas no local de trabalho.",13
6202,"MINAS GERAIS","FABRICACAO DE PRODUTOS DE METAL, EXCETO MAQUINAS E EQUIPAMENTOS","A análise dos acidentes de trabalho no setor de fabricação de produtos de metal em Minas Gerais revela que o sexo masculino é a maioria dos casos, com uma predominância significativa de lesões nas partes superiores do corpo, especialmente nos membros superiores e cabeça. Além disso, os acidentes envolvendo mobiliário e acessórios, cordas e cabos, e frutas e derivados parecem ser agentes mais frequentemente relacionados a lesões graves ou fatais.",176
6492,"MINAS GERAIS","FABRICACAO DE PRODUTOS DIVERSOS","Com base nos dados analisados, é possível identificar que os acidentes de trabalho no setor de fabricação de produtos diversificados em Minas Gerais apresentam uma tendência para lesões superficiais e contusões, especialmente na parte superior do corpo, como braço, quadril e dedos. Além disso, a maioria dos casos foi causada por acidentes relacionados ao uso de máquinas e equipamentos, o que sugere um risco significativo de lesão por exposição a perigos ocupacionais.",15
6507,"MINAS GERAIS","FABRICACAO DE PRODUTOS DO FUMO","Baseado nos dados do setor ""FABRICACAO DE PRODUTOS DO FUMO"" no estado Minas Gerais, pode-se inferir que o maior risco de acidentes de trabalho está relacionado à exposição a veículos e movimentação de materiais, levando a lesões mais comuns como distensão torácica e luxação do punho. Além disso, é possível notar uma concentração de casos em municípios específicos, como Uberlândia, o que pode indicar a necessidade de abordagens personalizadas para mitigar esses riscos.",1
6508,"MINAS GERAIS","FABRICACAO DE PRODUTOS FARMOQUIMICOS E FARMACEUTICOS","Após analisar os acidentes de trabalho no setor de fabricação de produtos farmoquímicos e farmacêuticos no estado de Minas Gerais, é possível destacar que a maioria dos casos apresentam lesões relacionadas à articulação do tornozelo e pé, sugerindo um risco específico associado ao uso de máquinas e ferramentas manuais em áreas de movimento rápido e deslizamento. Além disso, a presença de agentes como motocicletas e motonetas também parece contribuir para o aumento do risco de lesões.",24
6532,"MINAS GERAIS","FABRICACAO DE PRODUTOS QUIMICOS","A análise dos acidentes de trabalho no setor de fabricação de produtos químicos no estado de Minas Gerais revela que a maioria das lesões foi caracterizada como ""lesão imediata"" e ocorreu em áreas do corpo relacionadas ao sistema muscular (34,6%) e aparelho respiratório (21,7%). Além disso, há uma tendência para lesões decorrentes de exposição a substâncias químicas (14,3%) e máquinas manuais sem força motriz (10,7%), o que sugere riscos relacionados à manipulação de materiais tóxicos e ao uso inadequado de ferramentas.",77
6612,"MINAS GERAIS","FABRICACAO DE PRODUTOS TEXTEIS","A análise dos acidentes de trabalho no setor de fabricação de produtos textiles em Minas Gerais revela que a maioria dos acidentes (80%) ocorreu durante o trajeto do empregado para ou a partir da fábrica, indicando uma vulnerabilidade ao risco de acidentes externos. Além disso, os dados sugerem um padrão de lesões mais graves em homens, com predomínio de fraturas e traumatismos superficiais.",66
6675,"MINAS GERAIS","FABRICACAO DE VEICULOS AUTOMOTORES, REBOQUES E CARROCERIAS","Baseado no conjunto de dados, é possível identificar que o setor da fabricação de veículos automotivos, reboques e carrocias no estado de Minas Gerais apresenta um padrão de lesões e acidentes relacionados à máquinas e ferramentas manuais. Além disso, há uma predominância de lesões em membros inferiores e extremidades (perna e dedos), o que sugere que a maioria dos trabalhadores está exposta a riscos mecânicos ou físicos no seu local de trabalho.",146
6821,"MINAS GERAIS","IMPRESSAO E REPRODUCAO DE GRAVACOES","Com base nos dados, é possível identificar que o setor de impressão e reprodução de gravações no estado de Minas Gerais apresenta um padrão de lesões típicas relacionadas à manipulação de máquinas e ferramentas, como prensas, laminadoras, serras e guilhotinas. Além disso, há uma frequência significativa de lesões em dedos e membros superiores, sugerindo que o uso inadequado ou desatenção ao manuseio dessas máquinas pode estar contribuindo para esses acidentes.",10
6831,"MINAS GERAIS","MANUTENCAO, REPARACAO E INSTALACAO DE MAQUINAS E EQUIPAMENTOS","Com base nos dados, é possível identificar que o setor de manutenção, reparação e instalação de máquinas e equipamentos no estado de Minas Gerais apresenta um padrão preocupante de lesões relacionadas à manipulação de ferramentas e máquinas. Além disso, a frequência de lesões nos dedos e olhos sugere que os trabalhadores estão expostos a riscos mecânicos e físicos associados ao uso de equipamentos manualmente.",47
6878,"MINAS GERAIS","METALURGIA","A análise dos acidentes de trabalho no setor de metalurgia em Minas Gerais revela que a maioria das lesões ocorrem em trabalhadores masculinos, principalmente com lesões causadas por ferramentas manuais sem força motriz (ferramenta manual) e sucata/entulho/resíduo. Além disso, é notável a ausência de óbitos, o que sugere uma boa estrutura de segurança e atendimento médico no local de trabalho.",188
7066,"MINAS GERAIS","OBRAS DE INFRAESTRUTURA","A análise dos acidentes de trabalho no setor de Obras de Infraestrutura em Minas Gerais revela que a maioria das lesões é caracterizada por contusões e esmagamentos superficiais, indicando que o risco mais comum está relacionado à manipulação de materiais e ferramentas. Além disso, há uma concentração de acidentes em Belo Horizonte e região, sugerindo um padrão geográfico e uma necessidade de atenção especializada na prevenção de lesões nessa área.",160
7226,"MINAS GERAIS","OUTRAS ATIVIDADES DE SERVICOS PESSOAIS","A análise dos acidentes de trabalho no setor ""OUTRAS ATIVIDADES DE SERVICOS PESSOAIS"" no estado de Minas Gerais revela que o maior risco é a lesão por colisões com veículos rodoviários (moto, automóvel, caminhonete), tanto para trabalhadores masculinos quanto femininos. Além disso, há um padrão de lesões superficiais e contusões nos membros superiores e inferiores, sugerindo a necessidade de reforço em medidas de segurança e prevenção de acidentes no local de trabalho.",24
7300,"MINAS GERAIS","PRODUCAO FLORESTAL","A análise dos acidentes de trabalho no setor de produção florestal em Minas Gerais revela que o maior risco é a lesão por corte, laceração ou ferimento causada pela utilização de máquinas e ferramentas manuais, especialmente serras e caldeiras. Além disso, a falta de atenção à segurança durante a operação de veículos motorizados rodoviários também constitui um grande risco para os trabalhadores.",36
7250,"MINAS GERAIS","OUTRAS ATIVIDADES PROFISSIONAIS, CIENTIFICAS E TECNICAS","A análise dos acidentes de trabalho no setor ""OUTRAS ATIVIDADES PROFISSIONAIS, CIENTIFICAS E TECNICAS"" em Minas Gerais revela um padrão preocupante de lesões relacionadas ao uso de máquinas e equipamentos, como britadores, motocicletas e faca, o que sugere um alto risco para os trabalhadores envolvidos nessas atividades. Além disso, a frequência de lesões nas pernas e pés é particularmente elevada, o que pode indicar uma falta de conscientização sobre a importância da segurança no trabalho.",7
7257,"MINAS GERAIS","PESCA E AQUICULTURA","A análise dos acidentes de trabalho no setor de PESCA E AQUICULTURA em Minas Gerais revela que o principal risco é a lesão das mãos e dedos, com um alto índice de lesões contusas e cortantes. Isso sugere uma falta de medidas de segurança adequadas para proteger os trabalhadores em contato direto com ferramentas e máquinas.",1
7258,"MINAS GERAIS","PESQUISA E DESENVOLVIMENTO CIENTIFICO","A análise dos acidentes de trabalho no setor de Pesquisa e Desenvolvimento Científico em Minas Gerais revela que o principal risco é a lesão imediata, com mais da metade das ocorrências relacionadas à superfície utilizada para sustentação de pessoas (chao) ou à presença de animais vivos. Além disso, a análise sugere que os acidentes são frequentemente causados por falhas na gestão de riscos e na implementação de medidas de segurança adequadas nos locais de trabalho.",4
7390,"MINAS GERAIS","SELECAO, AGENCIAMENTO E LOCACAO DE MAO DE OBRA","A análise dos acidentes de trabalho no setor ""SELECAO, AGENCIAMENTO E LOCACAO DE MAO DE OBRA"" em Minas Gerais indica que a maioria das lesões ocorrem por lesão imediata (45%) e são mais frequentes entre os trabalhadores masculinos (60%). Além disso, há uma tendência para lesões relacionadas ao uso de veículos (25%), especialmente bicicletas e carros.",77
7262,"MINAS GERAIS","PREPARACAO DE COUROS E FABRICACAO DE ARTEFATOS DE COURO, ARTIGOS PARA VIAGEM E CALCADOS","A análise dos acidentes de trabalho no setor ""Preparação de couros e fabricação de artefatos de couro, artigos para viagem e calçados"" em Minas Gerais revela que os principais agentes de risco são máquinas (maquinário) e veículos rodoviários motorizados. Além disso, é notável a alta frequência de lesões nos membros superiores e mãos, sugerindo uma cultura de trabalho que pode não estar adequada protegendo os trabalhadores dessas áreas do corpo.",27
7325,"MINAS GERAIS","PUBLICIDADE E PESQUISA DE MERCADO","A análise dos acidentes de trabalho no setor ""Publicidade e Pesquisa de Mercado"" em Minas Gerais revela que há um padrão de alta frequência de lesões decorrentes de trânsito (veículos, motos) e máquinas (embalar, serras). Além disso, os dados indicam uma preocupante taxa de lesões nos membros inferiores e articulações, sugerindo que a falta de atenção às condições de segurança no local de trabalho e à adequareza dos veículos utilizados podem estar contribuindo para essa situação.",22
8047,"MINAS GERAIS","TELECOMUNICACOES","A análise dos acidentes de trabalho no setor de telecomunicações em Minas Gerais revela que a maioria dos casos envolve machucados e lesões no corpo humano, com predomínio de afetos nos membros superiores e inferiores. Isso sugere um risco significativo associado ao uso de máquinas e equipamentos móveis ou fixadas em ambiente laboral.",35
7347,"MINAS GERAIS","REPARACAO E MANUTENCAO DE EQUIPAMENTOS DE INFORMATICA E COMUNICACAO E DE OBJETOS PESSOAIS E DOMESTICOS","A análise dos acidentes de trabalho no setor de reparação e manutenção de equipamentos de informática e comunicação e objetos pessoais e domésticos, em Minas Gerais, revela que os principais agentes envolvidos nos incidentes são máquinas (38%) e ferramentas manuais (24%), com Lesões imediatas e fraturas sendo as lesões mais frequentes.",10
7357,"MINAS GERAIS","SEGUROS, RESSEGUROS, PREVIDENCIA COMPLEMENTAR E PLANOS DE SAUDE","A análise dos acidentes de trabalho no setor de seguros, resseguros, previdência complementar e planos de saúde em Minas Gerais revela um padrão preocupante de lesões relacionadas ao contato com agentes químicos ou biológicos, como queimaduras e exposição a doenças transmissíveis. Além disso, é destacável a concentração de acidentes em Belo Horizonte e Uberaba, o que sugere um risco elevado para os trabalhadores nesses locais.",21
7455,"MINAS GERAIS","SERVICOS DE ARQUITETURA E ENGENHARIA; TESTES E ANALISES TECNICAS","A análise dos acidentes de trabalho no setor ""Serviços de Arquitetura e Engenharia; Testes e Análises Técnicas"" no estado de Minas Gerais revela que houve uma concentração de lesões em áreas do corpo como o dedo, joelho, perna e crânio, indicando um risco maior para essas regiões. Além disso, a presença de agentes como veículo, fruta e derivados, politriz, lixadora e esmeril - máquina sugere que os acidentes podem estar relacionados à falta de atenção às normas de segurança durante o trabalho ou à inadequação dos equipamentos utilizados.",65
7520,"MINAS GERAIS","SERVICOS DE ASSISTENCIA SOCIAL SEM ALOJAMENTO","A análise dos acidentes de trabalho no setor ""Serviços de Assistência Social sem Alojamento"" em Minas Gerais revela que a maioria das lesões ocorrem por causas típicas, como contusões e esmagamentos superficiais, e são mais frequentes entre as mulheres. Além disso, nota-se um risco elevado de lesões relacionadas à falta de manuseio correto de objetos ou ferramentas, como facas e cadeiras-bancos, o que pode ser mitigado com treinamento e conscientização sobre segurança no trabalho.",33
7553,"MINAS GERAIS","SERVICOS DE ESCRITORIO, DE APOIO ADMINISTRATIVO E OUTROS SERVICOS PRESTADOS PRINCIPALMENTE AS EMPRESAS","A análise dos acidentes de trabalho no setor de serviços de escritório e apoio administrativo em Minas Gerais revela que os principais agentes responsáveis pelas lesões são o chão, objetos cortantes ou penetrantes, animais vivos e máquinas (serra e escada móvel ou fixada). Além disso, a maioria dos acidentes é de natureza traumática, com lesões graves como fraturas e luxações em membros inferiores e superiores.",193
7746,"MINAS GERAIS","SERVICOS ESPECIALIZADOS PARA CONSTRUCAO","A análise dos acidentes de trabalho no setor ""Serviços Especializados para Construção"" no estado Minas Gerais revela que o maior risco é a lesão muscular ou óssea, com aproximadamente 60% das ocorrências relacionadas a problemas como distensão e luxação, fratura e contusão. Além disso, a análise também sugere uma tendência para acidentes ocorrerem em áreas urbanas, especialmente em Belo Horizonte, onde há uma concentração de atividades industriais e construtoras.",136
8071,"MINAS GERAIS","TRANSPORTE AEREO","A análise dos acidentes de trabalho no setor ""TRANSPORTE AEREO"" no estado de Minas Gerais revela que a maior parte dos casos envolve homens e lesões relacionadas a trauma físico, como luxações e fraturas. Além disso, é perceptível um risco elevado de acidentes causados por animais vivos ou máquinas, como serras, o que pode ser atribuído à natureza do trabalho no setor de transporte aéreo.",3
8074,"MINAS GERAIS","TRANSPORTE TERRESTRE","A análise dos acidentes de trabalho no setor de transporte terrestre em Minas Gerais revela que o sexo masculino é majoritariamente afetado, com aproximadamente 85% dos casos registrados. Além disso, a lesão mais comum foi a fratura, seguida de lesões múltiplas e luxações, o que sugere um risco significativo associado à atividade manual e ao uso de máquinas pesadas no setor.",300
7882,"MINAS GERAIS","SERVICOS PARA EDIFICIOS E ATIVIDADES PAISAGISTICAS","A análise dos acidentes de trabalho no setor ""Serviços para Edifícios e Atividades Paisagísticas"" no estado de Minas Gerais revela um padrão de lesões relacionadas ao uso de equipamentos e máquinas, como geradores elétricos, veículos e ferramentas manuais. Além disso, há uma tendência para lesões nos membros inferiores, especialmente joelhos e pernas, o que sugere a necessidade de maior atenção à segurança no ambiente de trabalho.",154
8374,"PARANÁ","ADMINISTRACAO PUBLICA, DEFESA E SEGURIDADE SOCIAL","Baseado nos dados, é possível perceber que o setor de Administração Pública, Defesa e Segurança Social no estado do Paraná apresenta um padrão significativo de lesões relacionadas a quedas e colisões, especialmente na região dos membros superiores e inferiores. Além disso, há uma preocupante frequência de lesões por agente viva (ou seja, lesões infligidas por outras pessoas), o que sugere a necessidade de implementar medidas de prevenção e controle mais eficazes para minimizar esses riscos.",145
8610,"PARANÁ","ALIMENTACAO","A análise dos acidentes de trabalho no setor de alimentação em Paraná revela que a maioria das lesões envolveu mãos e membros superiores, com uma tendência para ferimentos por corte, laceração ou esmagamento. Além disso, nota-se uma alta frequência de lesões relacionadas à manipulação de materiais perigosos (sucata, entulho, residuo) e uso de máquinas e equipamentos (escada móvel, caldeira, vaso sob pressão).",218
8519,"PARANÁ","AGENCIAS DE VIAGENS, OPERADORES TURISTICOS E SERVICOS DE RESERVAS","A análise dos acidentes de trabalho no setor ""AGENCIAS DE VIAGENS, OPERADORES TURISTICOS E SERVICOS DE RESERVAS"" no estado do Paraná revela que o risco mais frequente é a lesão por distensão muscular ou esqueletomuscular (34% dos casos), especialmente na parte inferior da perna e no tornozelo. Isso sugere uma necessidade de treinamento e atenção especializada para os trabalhadores em relação à prevenção de lesões musculares e esqueléticas relacionadas ao trabalho.",1
8520,"PARANÁ","AGRICULTURA, PECUARIA E SERVICOS RELACIONADOS","A análise dos acidentes de trabalho no setor de agricultura, pecuária e serviços relacionados no estado do Paraná revela um padrão de lesões mais comuns na parte superior do corpo, como dedos, mão e crânio. Além disso, foi identificada uma elevada frequência de acidentes causados por agentes manualmente utilizados, como ferramentas e animais vivos, o que sugere a necessidade de maior atenção à segurança e ao uso correto dessas ferramentas em locais rurais.",75
8813,"PARANÁ","ALOJAMENTO","Com base nos dados, é possível identificar que a maior parte dos acidentes de trabalho no setor de alojamento no estado do Paraná são decorrentes de lesões traumáticas, especialmente aquelas relacionadas à fratura e distensão torçao. Além disso, há uma tendência para os acidentes ocorrerem em áreas como cais, chão e estruturas, o que sugere a importância da atenção às condições de trabalho e segurança nos locais de hospedagem.",46
8859,"PARANÁ","ALUGUEIS NAO IMOBILIARIOS E GESTAO DE ATIVOS INTANGIVEIS NAO FINANCEIROS","A análise dos acidentes de trabalho no setor ""Aluguéis Não Imobiliários e Gestão de Ativos Intangíveis Não Financeiros"" no estado do Paraná revela que o risco mais frequente é a lesão por corte, laceração, ferida contusa ou punctura, principalmente nas mãos, dedos e abdomens. Além disso, os acidentes envolvendo veículos motorizados e máquinas pesadas também são comuns, destacando a necessidade de implementar medidas de segurança para reduzir esses riscos.",29
8889,"PARANÁ","ARMAZENAMENTO E ATIVIDADES AUXILIARES DOS TRANSPORTES","A análise dos acidentes de trabalho no setor ""Armazenamento e Atividades Auxiliares dos Transportes"" no estado Paraná revela um padrão preocupante: a maioria das lesões envolve o uso de veículos, como ônibus, automóveis e animais vivos, que geram riscos para os trabalhadores. Além disso, é notável a elevada frequência de lesões nos membros inferiores e joelhos, sugerindo a necessidade de ações preventivas específicas para reduzir esses tipos de acidentes.",80
8968,"PARANÁ","ATIVIDADES ARTISTICAS, CRIATIVAS E DE ESPETACULOS","Com base nos dados analisados, é possível identificar que o setor de ATIVIDADES ARTISTICAS, CRIATIVAS E DE ESPETACULOS no estado do Paraná apresenta um risco significativo de lesões relacionadas ao uso de máquinas e ferramentas, como polítriz, lixadora e esmeril. Além disso, a lesão mais comum é a fratura de dedos, o que pode ser associado à falta de proteção individual ou inadequação das condições de trabalho em relação ao uso dessas máquinas.",1
8969,"PARANÁ","ATIVIDADES AUXILIARES DOS SERVICOS FINANCEIROS, SEGUROS, PREVIDENCIA COMPLEMENTAR E PLANOS DE SAUDE","A análise dos acidentes de trabalho no estado de Paraná, no setor de Atividades Auxiliares dos Serviços Financeiros, Seguros, Previdência Complementar e Planos de Saúde, revela que os principais agentes envolvidos em lesões trabalhistas são veículos (como motocicletas e mótornetas) e objetos cotidianos (como frutas e derivados), o que sugere uma alta propensão a acidentes decorrentes de deslocamentos inseguros e falta de atenção aos cuidados pessoais.",2
8971,"PARANÁ","ATIVIDADES CINEMATOGRAFICAS, PRODUCAO DE VIDEOS E DE PROGRAMAS DE TELEVISAO; GRAVACAO DE SOM E EDICAO DE MUSICA","A análise dos acidentes de trabalho no setor de atividades cinematográficas e produção de vídeos e programas de televisão no estado do Paraná revela um risco elevado de lesões graves, especialmente na cabeça e articulação do tornozelo. Além disso, há uma tendência preocupante de acidentes envolvendo veículos, como motocicletas e motonetas, e a utilização de escadas móveis ou fixadas, o que sugere a necessidade de um maior cuidado com a segurança no local de trabalho.",2
8973,"PARANÁ","ATIVIDADES DE ATENCAO A SAUDE HUMANA","A análise dos acidentes de trabalho no setor ""ATIVIDADES DE ATENCAO A SAUDE HUMANA"" no estado do Paraná indica que o principal agente responsável por esses incidentes é o AGENTE DO ACIDENTE, com 4 casos registrados. Além disso, a análise também sugere que os locais mais afetados pelas lesões foram as mãos e os pés, o que pode ser relacionado à natureza do trabalho envolvido na atenção à saúde humana.",558
9531,"PARANÁ","ATIVIDADES DE ATENCAO A SAUDE HUMANA INTEGRADAS COM ASSISTENCIA SOCIAL, PRESTADAS EM RESIDENCIAS COLETIVAS E PARTICULARES","A análise dos acidentes de trabalho no setor de atendimento à saúde humana integrado com assistência social no estado de Paraná revela que a maior parte das lesões é resultado de acidentes tipo ""típico"", caracterizados por lesões imediatas ou múltiplas, sugerindo uma falta de conscientização sobre as medidas de segurança em ambiente laboral. Além disso, os dados indicam uma tendência para lesões relacionadas ao uso de máquinas e equipamentos, o que destaca a importância da treinamento e capacitação dos trabalhadores para prevenir esses tipos de acidentes.",16
9598,"PARANÁ","ATIVIDADES DE SEDES DE EMPRESAS E DE CONSULTORIA EM GESTAO EMPRESARIAL","A análise dos acidentes de trabalho no setor ""ATIVIDADES DE SEDES DE EMPRESAS E DE CONSULTORIA EM GESTAO EMPRESARIAL"" no estado Paraná revela que há um padrão de lesões relacionadas a movimentação e uso de escalas ou máquinas (3 casos), enquanto os demais acidentes estão ligados à trajetória e exposição a riscos ambientais (2 casos).",5
9547,"PARANÁ","ATIVIDADES DE ORGANIZACOES ASSOCIATIVAS","A análise dos acidentes de trabalho no setor ""ATIVIDADES DE ORGANIZACOES ASSOCIATIVAS"" no estado de Paraná revela que os principais agentes responsáveis pelas lesões são veículos motorizados (rodoviários e motocicletas), enquanto as lesões mais frequentes ocorrem em membros superiores e inferiores, especialmente nos braços e pernas. Além disso, a análise sugere um risco aumentado de lesões ósseas e múltiplas no setor, bem como a possibilidade de acidentes com veículos e objetos móveis.",36
9583,"PARANÁ","ATIVIDADES DE PRESTACAO DE SERVICOS DE INFORMACAO","A análise dos acidentes de trabalho no setor ""ATIVIDADES DE PRESTACAO DE SERVICOS DE INFORMACAO"" no estado Paraná revela que os principais riscos estão relacionados à lesões por superfície e estrutura (43,5%), seguida pelas lesões causadas por veículos (23,1%).",10
9593,"PARANÁ","ATIVIDADES DE RADIO E DE TELEVISAO","A análise dos acidentes de trabalho no setor ""ATIVIDADES DE RADIO E DE TELEVISÃO"" no estado Paraná revela que o maior risco está relacionado à falta de atenção ao ambiente de trabalho, como é o caso da lesão causada por uma superfície utilizada para sustentação de pessoas (CHAO - SUPERFICIE UTILIZADA PARA SUSTENTAR PESSOAS). Além disso, a análise sugere que os trabalhadores do setor podem estar expostos a riscos críticos em decorrência da manipulação de equipamentos e materiais.",1
9599,"PARANÁ","ATIVIDADES DE SERVICOS FINANCEIROS","Com base nos dados, é possível identificar que o setor de Serviços Financeiros no estado do Paraná apresenta um quadro de acidentes de trabalho caracterizado por lesões múltiplas e fraturas, com predominância de acidentes ocorrendo durante trajetos ou uso de veículos motorizados. Além disso, também há uma série de incidentes decorrentes de colisões entre veículos e agentes do acidente.",14
9613,"PARANÁ","ATIVIDADES DE VIGILANCIA, SEGURANCA E INVESTIGACAO","A análise dos acidentes de trabalho no setor ""ATIVIDADES DE VIGILANCIA, SEGURANÇA E INVESTIGACAO"" no estado do Paraná revela que o maior risco está relacionado à lesões causadas por agressões físicas (faca, produto animal) e veículos motorizados (motoocicleta, motoneta), principalmente nas cidades de Curitiba e Londrina. Além disso, há um padrão de lesões superficiais no joelho e coxa, o que pode indicar a necessidade de uma abordagem mais preventiva para essas áreas do corpo.",50
9663,"PARANÁ","ATIVIDADES DOS SERVICOS DE TECNOLOGIA DA INFORMACAO","A análise dos acidentes de trabalho no setor ""ATIVIDADES DOS SERVICOS DE TECNOLOGIA DA INFORMACAO"" no estado do Paraná revela que a maioria dos casos (80%) envolve agressores mecânicos, como veículos rodoviários motivados e escadas móveis ou fixas. Além disso, é notável a alta frequência de lesões relacionadas a quedas ou contusões, o que sugere um risco elevado de acidentes por superfície irregular ou instabilidade física no local de trabalho.",20
9707,"PARANÁ","ATIVIDADES IMOBILIARIAS","A análise dos acidentes de trabalho no setor de Atividades Imobiliárias no estado do Paraná revela que o transporte rodoviário é um agente de risco significativo, responsável por mais da metade das lesões. Além disso, a falta de proteção nos membros superiores e inferiores também se destacam como áreas críticas que merecem atenção especial na prevenção de acidentes.",14
9683,"PARANÁ","ATIVIDADES ESPORTIVAS E DE RECREACAO E LAZER","A análise dos acidentes de trabalho no setor ""ATIVIDADES ESPORTIVAS E DE RECREACAO E LAZER"" no estado do Paraná indica que o principal risco é a lesão por traumatismo, especialmente na área das pernas e braços, com um padrão de predominância de acidentes relacionados a motores e veículos. Além disso, nota-se uma preocupante frequência de acidentes causados por objeto ou substância, como fáscia e frutas, o que sugere a necessidade de medidas preventivas específicas para minimizar esses riscos.",24
9721,"PARANÁ","ATIVIDADES JURIDICAS, DE CONTABILIDADE E DE AUDITORIA","A análise dos acidentes de trabalho no setor ""Atividades Jurídicas, Contabilidade e Auditoria"" no estado do Paraná revela um padrão preocupante: a grande maioria (80%) dos casos envolveu lesões ligadas ao transporte rodoviário, seja como agente diretamente envolvido ou como resultado de acidentes de trânsito. Isso sugere que os trabalhadores desse setor estejam expostos a riscos elevados durante suas rotas diárias ou viagens para e voltas do trabalho.",17
9738,"PARANÁ","ATIVIDADES LIGADAS AO PATRIMONIO CULTURAL E AMBIENTAL","A análise dos acidentes de trabalho no setor ""ATIVIDADES LIGADAS AO PATRIMONIO CULTURAL E AMBIENTAL"" no estado do Paraná revela que os principais riscos estão relacionados à exposição a agentes externos, como animais vivos e veículos (motocicleta/motoneta), o que pode ser caracterizado por um ambiente de trabalho mais desordenado e inseguro. Além disso, há uma tendência para lesões múltiplas e traumatismos não especificados, sugerindo a necessidade de implementar medidas de segurança preventivas mais eficazes para proteger os trabalhadores nesse setor.",2
9740,"PARANÁ","ATIVIDADES VETERINARIAS","A análise dos acidentes de trabalho no setor de atividades veterinárias no estado do Paraná revela que os traumas por luta e deslocamento (luxações) são frequentes, especialmente na região dorsal e nas pernas. Além disso, a presença de veículos motorizados e máquinas em áreas como britadores e serras também é um risco significativo para os trabalhadores nesse setor.",6
9746,"PARANÁ","CAPTACAO, TRATAMENTO E DISTRIBUICAO DE AGUA","A análise dos acidentes de trabalho no setor ""CAPTACAO, TRATAMENTO E DISTRIBUICAO DE AGUA"" no estado do Paraná revela que a maioria das lesões é decorrente de acidentes típicos e trajectários, com predomínio de lesões superficiais e ligeiras. No entanto, há uma preocupante concentração de casos envolvendo substâncias químicas e veículos rodoviários motorizados em Curitiba, o que sugere um risco mais alto para esses trabalhadores.",21
9767,"PARANÁ","COLETA, TRATAMENTO E DISPOSICAO DE RESIDUOS; RECUPERACAO DE MATERIAIS","A análise dos acidentes de trabalho no setor ""Coleta, Tratamento e Disposição de Resíduos; Recuperação de Materiais"" no estado do Paraná revela que a maioria das lesões (cerca de 60%) ocorrem em trabalhadores masculinos com idade não especificada, principalmente em Curitiba. O risco mais elevado é associado à exposição a agentes físicos, como máquinas e veículos, e à falta de proteção adequada dos membros superiores e inferiores.",59
9826,"PARANÁ","COMERCIO E REPARACAO DE VEICULOS AUTOMOTORES E MOTOCICLETAS","A análise dos acidentes de trabalho no setor ""COMERCIO E REPARACAO DE VEICULOS AUTOMOTORES E MOTOCICLETAS"" no estado de Paraná indica que a maioria das lesões é resultado de contusões, cortes e luxações, principalmente relacionadas à manipulação de objetos ou materiais pesados, como tubos e ferramentas. Além disso, também há uma presença significativa de lesões causadas por veículos rodoviários motorizados, o que sugere a necessidade de maior atenção à segurança nas ruas e estradas utilizadas para transporte de peças e materiais.",137
9963,"PARANÁ","COMERCIO POR ATACADO, EXCETO VEICULOS AUTOMOTORES E MOTOCICLETAS","A análise dos acidentes de trabalho no setor de comércio por atacado, exceto veículos automotoveículos e motocicletas, no estado do Paraná revela que a maioria das lesões é decorrente de acidentes envolvendo agentes físicos (cortes, esmagamentos, distensões) e movimentação de objetos (empilhadeiras, depositos fixos). Isso sugere que os riscos estão mais relacionados à falta de atenção às condições de trabalho e ao manejo inadequado de materiais e equipamentos.",330
10293,"PARANÁ","COMERCIO VAREJISTA","Baseado no conjunto de dados, é possível identificar que os acidentes de trabalho no setor de comércio varejista no estado do Paraná são predominantemente relacionados a lesões corporais, especialmente na mão e dedos, bem como à fratura e lesões imediatas. Além disso, há uma tendência para que os acidentes sejam causados por agressores mecânicos (faca, ferramenta manual) e materiais (asfalto, alcatrao), o que sugere a necessidade de atenção especial à segurança nos ambientes de trabalho.",674
10967,"PARANÁ","CONFECCAO DE ARTIGOS DO VESTUARIO E ACESSORIOS","Com base nos dados, é possível identificar que o setor de confecção de artigos do vestuário e acessórios no estado do Paraná apresenta um risco significativo de lesões por fratura, especialmente na extremidade superior (ombro) e inferior (pés), associado à utilização de máquinas e equipamentos pesados. Além disso, é perceptível que os acidentes de trabalho tipicamente ocorrem em trajeto (enquanto os trabalhadores se deslocam entre postos de trabalho ou para fora do local de trabalho) ou durante a realização de tarefas específicas, como o uso de máquinas textiles.",32
11000,"PARANÁ","CONSTRUCAO DE EDIFICIOS","A análise dos acidentes de trabalho no setor de construção de edifícios no estado do Paraná revela que a maioria das lesões são decorrentes de quedas, contusões e esmagamentos superficiais, principalmente relacionadas ao uso de máquinas e ferramentas manuais. Além disso, há um risco significativo associado à falta de segurança em áreas como caldeiras, vãos e escadas móveis ou fixadas.",161
11160,"PARANÁ","CORREIO E OUTRAS ATIVIDADES DE ENTREGA","A análise dos acidentes de trabalho no setor ""Correio e outras atividades de entrega"" no estado do Paraná revela que ocorrências de lesões por contusão e esmagamento superfície cutanea intacta são comuns, especialmente em áreas urbanas como Curitiba. Além disso, há um risco significativo de lesões por fratura e distensão torçao, principalmente quando os trabalhadores usam veículos motorizados ou bicicletas para realizar suas tarefas.",24
11184,"PARANÁ","DESCONTAMINACAO E OUTROS SERVICOS DE GESTAO DE RESIDUOS","A análise dos acidentes de trabalho no setor ""DESCONTAMINACAO E OUTROS SERVICOS DE GESTAO DE RESIDUOS"" no estado do Paraná revela que a lesão mais comum é a escoriação e abrasão, frequentemente decorrente de contatos com objetos cortantes ou penetrantes. Além disso, o dado mais preocupante é a falta de óbitos registrados, sugerindo que os acidentes podem estar ocorrendo em um contexto de baixa mortalidade, mas alta freqüência de lesões.",1
11185,"PARANÁ","EDICAO E EDICAO INTEGRADA A IMPRESSAO","A análise dos acidentes de trabalho no setor ""EDICAO E EDICAO INTEGRADA A IMPRESSAO"" no estado Paraná revela que o risco mais alto é associado à maquinaria e máquinas, com uma taxa significativamente maior de lesões relacionadas a corte, laceração e ferimentos causados por suas intervenções. Além disso, também há um padrão de lesões em dedos e mãos, sugerindo que os empregados desse setor precisam se precaver especialmente dessas áreas ao trabalhar com máquinas e materiais.",6
11191,"PARANÁ","EDUCACAO","A análise dos acidentes de trabalho no setor ""EDUCACAO"" no estado do Paraná revela que a maioria das lesões ocorrem em trabalhadores femininos, principalmente na parte superior do corpo (cabeça, pescoco e braços), com lesões caracterizadas por contusões, escoriações e ferimentos superficiais. Além disso, é notável a ocorrência de acidentes envolvendo animais vivos e veículos motorizados, o que sugere a necessidade de uma abordagem mais atenta à segurança no ambiente escolar.",112
11303,"PARANÁ","ELETRICIDADE, GAS E OUTRAS UTILIDADES","Baseado no conjunto de dados, nota-se que o setor de Eletricidade, Gas e Outras Utilidades do estado de Paraná apresenta um padrão de lesões relacionadas a acidentes durante o trajeto trabalhista, incluindo contusões e esmagamentos. Além disso, há um risco significativo associado à interação com agentes externos como veículos rodoviários motorizados e animais vivos, o que requer atenção especial para prevenir essas situações.",3
11306,"PARANÁ","ESGOTO E ATIVIDADES RELACIONADAS","A análise dos acidentes de trabalho no setor ""Esgoto e Atividades Relacionadas"" no estado Paraná revela que há um padrão de lesões mais frequentemente relacionadas a ações físicas intensas, como movimentos repetitivos ou esforços bruscos, o que sugere uma falta de treinamento adequado e inadequação de equipamentos para prevenir esses tipos de lesões. Além disso, há um risco significativo de acidentes relacionados à exposição a agentes agressores, como animais ou objetos pesados, que podem levar a lesões superficiais e graves.",18
11338,"PARANÁ","EXTRACAO DE MINERAIS NAO METALICOS","A análise dos acidentes de trabalho no setor ""EXTRACAO DE MINERAIS NÃO METÁLICOS"" no estado do Paraná revela que a lesão mais comum é a fratura, principalmente nos dedos, e que os agentes responsáveis são frequentemente máquinas ou equipamentos (85% dos casos). Além disso, observou-se uma tendência para acidentes relacionados à energia mecânica e ao uso de equipamentos pesados.",23
11347,"PARANÁ","FABRICACAO DE BEBIDAS","A análise dos acidentes de trabalho no setor ""FABRICACAO DE BEBIDAS"" no estado Paraná revela que a maioria das lesões ocorreu por causas mecânicas (80%), destacando-se as motocicletas e motonetas como agentes envolvidos em 40% dos casos. Além disso, observou-se uma predominância de lesões nos membros superiores (55%) e a contusão/escoriação é o tipo de lesão mais comum (60%).",14
11361,"PARANÁ","FABRICACAO DE CELULOSE, PAPEL E PRODUTOS DE PAPEL","A análise dos acidentes de trabalho no setor de fabricação de celulose, papel e produtos de papel no estado do Paraná revela que os principais riscos são relacionados à lesões por objetos móveis (alavanca, pe-de-cabra, britador, motocicleta/motoneta) e ao uso inadequado de superfícies (chão) e máquinas (maquinaria manual sem força motriz). Além disso, os dados indicam uma tendência para lesões mais graves em homens do que em mulheres.",57
11418,"PARANÁ","FABRICACAO DE COQUE, DE PRODUTOS DERIVADOS DO PETROLEO E DE BIOCOMBUSTIVEIS","A análise dos acidentes de trabalho no setor de fabricação de coque e produtos derivados do petróleo e biocombustíveis no estado de Paraná revela que a maioria dos casos (80%) envolve lesões corporais, sendo os membros superiores e inferiores as partes mais afetadas. Além disso, é possível identificar um padrão de risco associado à utilização de veículos (30% dos casos), motocicletas (10%) e animais vivos (5%), que podem ser mitigados com medidas de segurança adequadas e treinamento regular para os trabalhadores.",14
11432,"PARANÁ","FABRICACAO DE EQUIPAMENTOS DE INFORMATICA, PRODUTOS ELETRONICOS E OPTICOS","A análise dos acidentes de trabalho no setor de fabricação de equipamentos de informática, produtos eletrónicos e ópticos no estado do Paraná revela que a maioria dos casos ocorreu por lesões imediatas, sendo os dedos das mãos e membros superiores mais vulneráveis. Além disso, é notável o elevado número de acidentes relacionados ao uso de máquinas e equipamentos, especialmente serras e veículos, o que sugere uma falta de atenção à segurança no local de trabalho.",7
12560,"PARANÁ","FABRICACAO DE PRODUTOS DE MADEIRA","A análise dos acidentes de trabalho no setor de fabricação de produtos de madeira no estado do Paraná revela que a lesão mais comum é a lesão imediata, que afeta principalmente dedos e mãos. Além disso, é possível identificar um risco significativo associado ao uso de máquinas e ferramentas, como serras, laminadoras e caldeiras, que podem causar cortes, esmagamentos e perfurações.",108
11439,"PARANÁ","FABRICACAO DE MAQUINAS E EQUIPAMENTOS","**Insight**

Os acidentes de trabalho no setor de fabricação de máquinas e equipamentos no estado do Paraná apresentam um padrão de lesões relacionadas à exposição a agentes físicos (maquinários, serras) e superfícies inadequadas (chão), com destaque para lesões nas mãos, dedos e pernas. A análise sugere que o risco de lesões imediatas e contusões é maior em áreas de trabalho que envolvem manipulação de materiais ou uso de máquinas rotativas.",108
11547,"PARANÁ","FABRICACAO DE MAQUINAS, APARELHOS E MATERIAIS ELETRICOS","A análise dos acidentes de trabalho no setor de fabricação de máquinas, aparelhos e materiais elétricos no estado do Paraná revela que a lesão mais comum é a fratura (30%), seguida por lesões cutâneas e contusões (25%). Além disso, foi identificado um padrão de risco relacionado à exposição a máquinas e equipamentos, especialmente aqueles envolvendo movimento e agitação, como misturadores e batedeiras.",44
11591,"PARANÁ","FABRICACAO DE MOVEIS","A análise dos acidentes de trabalho no setor de fabricação de móveis no estado do Paraná revela que houve uma predominância de lesões relacionadas a máquinas e ferramentas, especialmente nos dedos e mãos, o que sugere um risco ocupacional significativo para os trabalhadores envolvidos em tarefas manualmente intensivas. Além disso, também foi detectada uma frequência relativamente alta de acidentes relacionados a veículos, o que pode indicar a necessidade de reforçar a segurança nas operações logísticas e de transporte no setor.",92
11683,"PARANÁ","FABRICACAO DE OUTROS EQUIPAMENTOS DE TRANSPORTE, EXCETO VEICULOS AUTOMOTORES","A análise dos acidentes de trabalho no setor ""Fabricação de outros equipamentos de transporte, exceto veículos automotres"" no estado do Paraná revela que o principal agente causador de lesões é a máquina (45,5% dos casos), seguida por veículo (27,3%). Isso sugere que a falta de treinamento ou não adoção de medidas de segurança adequadas em relação às máquinas e veículos pode estar contribuindo para os acidentes.",8
11691,"PARANÁ","FABRICACAO DE PRODUTOS ALIMENTICIOS","A análise dos acidentes de trabalho no setor de fabricação de produtos alimentícios no estado do Paraná revela que a maioria das lesões ocorrem em função de trajetos ou doenças, com lesões múltiplas e fraturas sendo as mais frequentes. Além disso, há um risco elevado de lesões relacionadas à máquina e ao movimento humano (escada móvel ou fixada), o que sugere a necessidade de melhorias na segurança no ambiente de trabalho.",737
12428,"PARANÁ","FABRICACAO DE PRODUTOS DE BORRACHA E DE MATERIAL PLASTICO","Com base nos dados, é possível identificar que os acidentes de trabalho no setor de fabricação de produtos de borracha e material plástico no estado do Paraná são mais comuns entre homens e apresentam lesões típicas de natureza mecânica, como cortes, contusões e fraturas. Além disso, é notável a ausência de óbitos registrados durante o período analisado, o que sugere uma boa prática de segurança em relação à prevenção de lesões graves.",124
12781,"PARANÁ","FABRICACAO DE PRODUTOS DE MINERAIS NAO METALICOS","A análise dos acidentes de trabalho no setor ""FABRICACAO DE PRODUTOS DE MINERAIS NÃO METÁLICOS"" no estado Paraná revela que a maioria dos acidentes (80%) envolve homens, com lesões mais frequentemente relacionadas à fratura e contusão. Isso sugere um risco significativo de lesões físicas graves entre os trabalhadores do sexo masculino nessa indústria.",107
12888,"PARANÁ","FABRICACAO DE PRODUTOS DIVERSOS","A análise dos acidentes de trabalho no setor ""FABRICACAO DE PRODUTOS DIVERSOS"" no estado Paraná revela que a maioria dos casos (60%) envolve lesões imediatas, principalmente nos dedos e mãos. Além disso, é notável a alta freqüência de acidentes relacionados ao uso de ferramentas manuais, serras e máquinas, o que sugere uma necessidade crítica de treinamento e implantação de medidas de segurança para prevenir esses tipo de lesões.",24
12912,"PARANÁ","FABRICACAO DE PRODUTOS DO FUMO","A análise dos acidentes de trabalho no setor de fabricação de produtos do fumo em Paraná revela que a maioria dos casos ocorre entre homens e envolve lesões múltiplas ou ferimentos graves, o que sugere um risco elevado associado à exposição a agentes como embalagens e recipientes vazios ou cheios. Além disso, há uma tendência para acidentes ocorrerem em áreas urbanas, o que pode estar relacionado à presença de veículos, como bicicletas, nos locais de trabalho.",2
12914,"PARANÁ","FABRICACAO DE PRODUTOS FARMOQUIMICOS E FARMACEUTICOS","A análise dos acidentes de trabalho no setor de fabricação de produtos farmoquímicos e farmacêuticos no estado do Paraná revela que há um risco elevado associado ao uso de máquinas (45% das lesões) e à manipulação de substâncias químicas (20% das lesões). Além disso, também foi identificada uma frequência maior de lesões nos membros superiores (35%) e inferiores (25%), sugerindo que a atividade física pode estar relacionada ao risco de acidentes.",8
12922,"PARANÁ","FABRICACAO DE PRODUTOS QUIMICOS","A análise dos acidentes de trabalho no setor de fabricação de produtos químicos no estado do Paraná revela um panorama preocupante de lesões múltiplas e graves, com predomínio de lesões na área das partes superficiais do corpo (pele, braço, perna) e membros inferiores. Além disso, observa-se uma tendência para lesões relacionadas ao uso de máquinas e agentes químicos, o que sugere a necessidade de implementação de medidas preventivas eficazes para minimizar os riscos laborais associados à essa indústria.",83
13005,"PARANÁ","FABRICACAO DE PRODUTOS TEXTEIS","Com base nos dados, é possível identificar que a lesão mais comum foi a lesão imediata (24% dos casos), seguida de ferimentos superficiais e distensões torcadas. Além disso, nota-se uma tendência para lesões relacionadas ao uso de máquinas e ferramentas no setor de fabricação de produtos textiles, o que destaca a importância da adoção de medidas preventivas e seguras na área de trabalho.",25
13030,"PARANÁ","FABRICACAO DE VEICULOS AUTOMOTORES, REBOQUES E CARROCERIAS","A análise dos acidentes de trabalho no setor de fabricação de veículos automotores, reboques e carrocérias no estado do Paraná revela que o principal agente de risco é a máquina, especificamente serras e máquinas de embalar ou empacotar. Além disso, há uma tendência para lesões nos membros superiores e pele, bem como fraturas em dedos e ossos longos.",137
13167,"PARANÁ","IMPRESSAO E REPRODUCAO DE GRAVACOES","A análise dos acidentes de trabalho no setor ""Impressão e Reprodução de Gravações"" no estado Paraná revela que houve um padrão de lesões mais comuns na cabeça, mãos e dedos, decorrente do uso de máquinas manuais sem força motriz (marreita) e ferramentas manuais (marrota). Além disso, é perceptível um risco maior para os trabalhadores masculinos no setor.",7
13174,"PARANÁ","MANUTENCAO, REPARACAO E INSTALACAO DE MAQUINAS E EQUIPAMENTOS","A análise dos acidentes de trabalho no setor ""Manutenção, Reparo e Instalação de Máquinas e Equipamentos"" no estado do Paraná revela um padrão preocupante de lesões graves relacionadas a equipamentos e máquinas. A maior parte das lesões envolve membros inferiores (joelhos, pernas) e podem ser atribuídas à falha em usar equipamentos de proteção individual (EPIs) ou ao uso inadequado de escadas móveis fixas.",60
13234,"PARANÁ","METALURGIA","A análise dos acidentes de trabalho no setor metalurgia em Paraná revela que houve uma alta frequência de lesões relacionadas à exposição a máquinas e substâncias químicas, especialmente nos municípios de Maringá e Colombo. Além disso, observou-se um padrão de lesões corporais mais graves em áreas como o crânio e membros inferiores, sugerindo que os riscos associados à manipulação de materiais e máquinas pesadas não foram suficientemente mitigados.",29
13263,"PARANÁ","OBRAS DE INFRAESTRUTURA","A análise dos acidentes de trabalho no setor de obras de infraestrutura no estado do Paraná revela que o sexo masculino é predominantemente afetado e as lesões mais comuns são fraturas, contusões e cortes. Além disso, os agentes responsáveis pelos acidentes incluem veículos de terraplenagem, máquinas, serras e materiais quentes ou incandescentes, o que sugere riscos associados à mobilidade e ao uso de equipamentos pesados.",99
13362,"PARANÁ","OUTRAS ATIVIDADES DE SERVICOS PESSOAIS","A análise dos acidentes de trabalho no setor ""OUTRAS ATIVIDADES DE SERVICOS PESSOAIS"" no estado Paraná revela que a maioria dos casos envolve lesões físicas, especialmente as relacionadas à tração e ao contato com objetos cortantes ou penetrantes. Além disso, é possível identificar um risco significativo associado às atividades de transporte e movimentação de materiais, como veículos rodoviários motorizados e objetos pesados.",13
13424,"PARANÁ","PRODUCAO FLORESTAL","A análise dos acidentes de trabalho no setor de produção florestal do estado do Paraná revela que as lesões mais comuns são relacionadas a ferimentos superficiais e fraturas, especialmente nos membros superiores (mão e dedos). Além disso, o uso de ferramentas manuais sem força motriz e máquinas, como serras e caldeiras, estão associados ao risco de lesões.",57
13375,"PARANÁ","OUTRAS ATIVIDADES PROFISSIONAIS, CIENTIFICAS E TECNICAS","A análise dos acidentes de trabalho no setor ""OUTRAS ATIVIDADES PROFISSIONAIS, CIENTIFICAS E TECNICAS"" no estado do Paraná revela que os principais riscos são relacionados à lesões causadas por objetos cortantes e ferimentos decorrentes de acidentes com máquinas, especialmente em áreas urbanas como Curitiba. Além disso, a falta de atenção às segurança pessoal é outro fator de risco destacado nesse grupo, com vários casos de lesões imediatas causadas por veículos rodoviários.",6
13381,"PARANÁ","PESCA E AQUICULTURA","Com base nos dados analisados, é possível identificar que os acidentes de trabalho no setor de PESCA E AQUICULTURA no estado do Paraná têm uma tendência para envolver lesões musculares e articulares, especialmente no joelho. Além disso, a análise sugere que os riscos de acidente são mais elevados em áreas com superfície ou estrutura inadequadas, o que reforça a importância da implementação de medidas de segurança adequadas para prevenir esses tipos de lesões.",2
13383,"PARANÁ","PESQUISA E DESENVOLVIMENTO CIENTIFICO","A análise dos acidentes de trabalho no setor ""PESQUISA E DESENVOLVIMENTO CIENTIFICO"" no estado Paraná revela que houve uma predominância de lesões relacionadas a lesões cutâneas e traumáticas em mãos e dedos, o que sugere um risco elevado de lesões ténsivas e traumas causados por objetos pontiagudos ou cortantes. Além disso, a frequência de lesões nos membros superiores é uma preocupação, pois pode ser indicativo de falta de proteção adequada para os trabalhadores.",6
13389,"PARANÁ","PREPARACAO DE COUROS E FABRICACAO DE ARTEFATOS DE COURO, ARTIGOS PARA VIAGEM E CALCADOS","A análise dos acidentes de trabalho no setor ""Preparação de Couros e Fabricação de Artefatos de Couro, Artigos para Viagem e Calçados"" no estado do Paraná revela que o maior risco é a exposição à máquinas e equipamentos elétricos, responsáveis por aproximadamente 30% dos acidentes registrados. Além disso, há uma tendência crescente de acidentes envolvendo veículos, como bicicletas e motocicletas, que podem ser evitados com a adoção de medidas de segurança adequadas na circulação nos locais de trabalho.",22
13468,"PARANÁ","PUBLICIDADE E PESQUISA DE MERCADO","A análise dos acidentes de trabalho no setor ""Publicidade e Pesquisa de Mercado"" no estado do Paraná revela que há um padrão de lesões mais frequentemente relacionadas a movimentos intensos ou acidentes durante o trajeto, como quedas ou choques. Além disso, os agentes envolvidos são principalmente máquinas, veículos e escadas móveis ou fixadas.",11
13479,"PARANÁ","REPARACAO E MANUTENCAO DE EQUIPAMENTOS DE INFORMATICA E COMUNICACAO E DE OBJETOS PESSOAIS E DOMESTICOS","A análise dos acidentes de trabalho no estado do Paraná no setor de reparação e manutenção de equipamentos de informática e comunicação e objetos pessoais e domésticos revela que a maioria dos casos é resultado de lesões imediatas causadas por agentes móveis (veículos) e máquinas, o que sugere uma elevada exposição ao risco de acidentes de trânsito e acidentes relacionados ao uso de equipamentos mecânicos. Além disso, a análise também indica uma frequência significativa de lesões graves e fatais em decorrência dessas ocorrências.",5
13484,"PARANÁ","SEGUROS, RESSEGUROS, PREVIDENCIA COMPLEMENTAR E PLANOS DE SAUDE","A análise dos acidentes de trabalho no setor ""SEGUROS, RESSEGUROS, PREVIDENCIA COMPLEMENTAR E PLANOS DE SAUDE"" no estado do Paraná revela que há um alto risco de lesões relacionadas à distensão torcional e entorse em membros inferiores, especialmente entre as mulheres. Além disso, a presença de veículos motorizados, como motocicletas e carros, parece ser um fator significativo na ocorrência de acidentes de trabalho nesse setor.",19
13503,"PARANÁ","SELECAO, AGENCIAMENTO E LOCACAO DE MAO DE OBRA","A análise dos acidentes de trabalho no setor ""SELECAO, AGENCIAMENTO E LOCACAO DE MAO DE OBRA"" no estado Paraná revela que os principais agentes envolvidos são máquinas e estruturas (55% dos casos), seguidas por superfícies e estruturas (25%). Isso sugere uma grande exposição a riscos mecânicos e de cairamento, especialmente em ambientes urbanos como Curitiba.",115
13618,"PARANÁ","SERVICOS DE ARQUITETURA E ENGENHARIA; TESTES E ANALISES TECNICAS","A análise dos acidentes de trabalho no setor de Serviços de Arquitetura e Engenharia; Testes e Análises Técnicas no estado do Paraná revela que a maioria das lesões ocorre em homens (95%) e que as lesões mais comuns são lacerções, contusões e ferimentos superficiais (60%). Além disso, é possível notar um risco significativo associado ao uso de máquinas e ferramentas manuais sem força motriz, bem como à exposição a produtos animais e derivados.",51
13669,"PARANÁ","SERVICOS DE ASSISTENCIA SOCIAL SEM ALOJAMENTO","Com base nos dados, é possível identificar que o setor de Serviços de Assistência Social sem Alojamento no estado do Paraná apresenta um padrão de riscos relacionados a lesões por acidentes de trajeto e atos violentos, com destaque para a frequência de lesões em membros inferiores e superiores. Além disso, é perceptível uma maior ocorrência de lesões causadas por agentes inanimados, como veículos e equipamentos, em comparação com os agentes vivos ou naturais.",25
13694,"PARANÁ","SERVICOS DE ESCRITORIO, DE APOIO ADMINISTRATIVO E OUTROS SERVICOS PRESTADOS PRINCIPALMENTE AS EMPRESAS","A análise dos acidentes de trabalho no setor ""SERVICOS DE ESCRITORIO, DE APOIO ADMINISTRATIVO E OUTROS SERVICOS PRESTADOS PRINCIPALMENTE AS EMPRESAS"" no estado do Paraná revela que os trabalhadores femininos estão mais propensos a sofrer lesões em relação às quedas e contusões, enquanto os homens estão mais expostos a ferimentos causados por máquinas e objetos cortantes. Além disso, há uma tendência para acidentes relacionados ao uso de veículos, especialmente motocicletas e motonetas.",146
13840,"PARANÁ","SERVICOS ESPECIALIZADOS PARA CONSTRUCAO","Baseado no conjunto de dados, é possível identificar que o setor ""Serviços Especializados para Construção"" no estado do Paraná apresenta um padrão de lesões mais comuns relacionadas à mobilidade e ao uso de máquinas, como contusões, esmagamentos e ferimentos superficiais, bem como fraturas. Além disso, a análise sugere que os acidentes podem estar relacionados à falta de treinamento ou inexperiência em lidar com veículos motorizados e máquinas pesadas.",142
13982,"PARANÁ","SERVICOS PARA EDIFICIOS E ATIVIDADES PAISAGISTICAS","A análise dos acidentes de trabalho no setor ""Serviços para Edificações e Atividades Paisagísticas"" no estado do Paraná revela que os riscos mais comuns estão relacionados à falta de segurança nos locais de trabalho, como superfícies irregulares ou impróprias, o que pode levar a quedas e lesões variadas. Além disso, também há um risco significativo associado ao uso de máquinas e ferramentas, como serras e britadores, que podem causar ferimentos graves.",101
14083,"PARANÁ","TELECOMUNICACOES","A análise dos acidentes de trabalho no setor de telecomunicações em Paraná revela que a maioria das lesões é decorrente de eventos traumáticos, como quedas e contatos com máquinas e animais, o que sugere uma alta exposição aos riscos físicos e biomecânicos. Além disso, nota-se uma propensão para lesões nos membros inferiores e superiores, bem como no dorso e cabeça, indicando a necessidade de intervenções preventivas específicas para essas áreas do corpo.",13
14096,"PARANÁ","TRANSPORTE AEREO","A análise dos acidentes de trabalho no setor de transporte aéreo do estado do Paraná revela que os riscos são mais elevados para homens, que configuram a maioria das vítimas (2/3), e que lesões múltiplas e graves são frequentes, refletindo a natureza perigosa do trabalho em transporte aéreo. Além disso, é interessante notar que o agente responsável por muitos dos acidentes é o veículo ou movimento, o que destaca a importância da segurança no tráfego e manuseio de aeronaves.",3
14099,"PARANÁ","TRANSPORTE AQUAVIARIO","A análise dos acidentes de trabalho no setor ""TRANSPORTE AQUAVIARIO"" no estado do Paraná revela que há um padrão de risco associado à exposição a substâncias químicas e máquinas rotativas, o que pode estar relacionado à falta de medidas de segurança adequadas em áreas onde há manipulação de produtos químicos ou uso de equipamentos mecânicos. Além disso, é possível identificar um risco elevado de lesões e traumatismos ao trabalhar com veículos rodoviários motorizados.",3
14349,"PARAÍBA","ADMINISTRACAO PUBLICA, DEFESA E SEGURIDADE SOCIAL","A análise dos acidentes de trabalho no setor ""ADMINISTRACAO PUBLICA, DEFESA E SEGURIDADE SOCIAL"" no estado do Paráiba revela que a maioria das lesões ocorrem em homens e são relacionadas à mobilidade e transporte (veículos rodoviários motorizados, motocicletas/motonetas), o que sugere um risco aumentado associado ao uso de veículos ou deslocamento. Além disso, é notável a falta de casos fatais e a predominância de lesões superficiais e não graves.",3
14352,"PARAÍBA","AGENCIAS DE VIAGENS, OPERADORES TURISTICOS E SERVICOS DE RESERVAS","A análise dos acidentes de trabalho no setor ""AGENCIAS DE VIAGENS, OPERADORES TURISTICOS E SERVICOS DE RESERVAS"" no estado do Paraíba revela que o risco mais frequente é a exposição a lesões imediatas, especialmente em mão, decorrentes de acidentes com ferramentas manuais. Isso sugere uma cultura de trabalho que não prioriza a segurança individual ou a utilização adequada de equipamentos e materiais.",1
14353,"PARAÍBA","AGRICULTURA, PECUARIA E SERVICOS RELACIONADOS","Com base nos dados analisados, é possível identificar que o setor de agricultura e pecuária no estado da Paraíba apresenta um alto risco de lesões graves e incapacitantes, especialmente relacionadas a acidentes com veículos e máquinas. Além disso, há uma maior propensão a lesões nas pernas e membros inferiores em decorrência do contato com liquidos, britadores e outras máquinas utilizadas na atividade agrícola.",11
14364,"PARAÍBA","ALIMENTACAO","A análise dos acidentes de trabalho no setor de Alimentação no estado da Paraíba revela que o maior risco é a exposição a agentes móveis ou fixados, como escadas e motocicletas, que contribuem para lesões em partes do corpo como joelho, ombro e braço. Além disso, a falta de segurança no trânsito e a utilização inadequada de mobiliário e acessórios também são fatores críticos responsáveis por lesões e traumas.",15
14379,"PARAÍBA","ALOJAMENTO","A análise dos acidentes de trabalho no setor ""ALOJAMENTO"" no estado da Paraíba revela que o principal risco é a lesão por fratura, predominantemente relacionada a movimentação física e uso de veículos. Além disso, os municípios de Campina Grande e João Pessoa apresentam maior concentração de casos, sugerindo uma maior exposição a fatores de risco laboral em essas áreas.",4
14383,"PARAÍBA","ALUGUEIS NAO IMOBILIARIOS E GESTAO DE ATIVOS INTANGIVEIS NAO FINANCEIROS","Baseado nos dados, é possível observar que o setor ""Alugueis Não Imobiliários e Gestão de Ativos Intangíveis Não Financeiros"" no estado da Paraíba apresenta um risco elevado de lesões relacionadas a veículos motorizados, especialmente às pessoas trabalhando em áreas urbanas, como João Pessoa. Além disso, há uma concentração de acidentes envolvendo machucamentos à cabeça e membros inferiores, o que pode indicar a necessidade de treinamento e atenção especializada para profissionais que trabalham nessa área.",4
14387,"PARAÍBA","ARMAZENAMENTO E ATIVIDADES AUXILIARES DOS TRANSPORTES","Os acidentes de trabalho no setor ""Armacenamento e Atividades Auxiliares dos Transportes"" no estado do Parábia apresentam um padrão de risco associado ao uso de máquinas e equipamentos, especialmente escadas móveis ou fixadas, que podem causar lesões superficiais e contusões. Além disso, há uma preocupação com a segurança dos trabalhadores, pois as lesões observadas não são fatais, mas indicam uma situação de risco permanente se não forem adotadas medidas preventivas eficazes.",2
14389,"PARAÍBA","ATIVIDADES DE ATENCAO A SAUDE HUMANA","A análise dos acidentes de trabalho no setor ""ATIVIDADES DE ATENCAO A SAUDE HUMANA"" no estado do Parábia revela que o maior risco é a lesão por distensão torcada, que ocorre principalmente em trabalhadores femininos. Além disso, há uma tendência para os acidentes relacionados à máquina e equipamento elétrico, como serras e geradores.",44
14433,"PARAÍBA","ATIVIDADES DE ORGANIZACOES ASSOCIATIVAS","A análise dos acidentes de trabalho no setor ""ATIVIDADES DE ORGANIZACOES ASSOCIATIVAS"" no estado da Paraíba revela que a maior parte das lesões é decorrente de acidentes com agentes externos, como veículos rodoviários motorizados e frutas derivados. Além disso, há um padrão de lesões superficiais e contusões, especialmente nos membros superiores e inferiores, o que sugere uma falta de atenção à segurança durante as atividades laborais.",6
14439,"PARAÍBA","ATIVIDADES DE PRESTACAO DE SERVICOS DE INFORMACAO","A análise dos acidentes de trabalho no setor ""ATIVIDADES DE PRESTACAO DE SERVICOS DE INFORMACAO"" no estado do Paráiba revela que o risco de lesões mais comum é a escoriação e abraço superficial, principalmente envolvendo regiões múltiplas dos membros superiores. Além disso, é importante destacar que essa atividade apresenta um elevado grau de risco associado ao uso inadequado da superfície utilizada para sustentar pessoas, como é o caso do exemplo citado.",1
14440,"PARAÍBA","ATIVIDADES DE RADIO E DE TELEVISAO","Com base nos dados do setor de Atividades de Rádio e Televisão no estado da Paraíba, é possível identificar um padrão de lesões relacionadas ao uso de escada móvel ou fixada, o que sugere uma importância crítica na implementação de políticas de segurança específicas para a manuseio dessas estruturas. Além disso, a análise revela um risco significativo de lesões à articulação do tornozelo e entorse, o que pode ser relacionado ao fato de os trabalhadores nesse setor frequentemente estarem em posições instáveis ou requererem movimentos rápidos e abruptos.",1
14441,"PARAÍBA","ATIVIDADES DE SEDES DE EMPRESAS E DE CONSULTORIA EM GESTAO EMPRESARIAL","Com base nos dados, é possível identificar que a lesão mais comum no setor de Atividades de Sedes de Empresas e Consultoria em Gestão Empresarial no estado da Paraíba é ferimento superficial na mão, o que sugere um risco associado ao uso de motocicletas ou motoneatas para se deslocar entre sedes de empresas. Além disso, a falta de óbitos registrados nos acidentes pode indicar que as medidas de segurança em uso são eficazes, mas é necessário continuar monitorando e melhorando os processos para prevenir lesões mais graves.",1
14442,"PARAÍBA","ATIVIDADES DE SERVICOS FINANCEIROS","A análise dos acidentes de trabalho no setor ""ATIVIDADES DE SERVICOS FINANCEIROS"" no estado Paraíba revela um padrão preocupante: a lesão por fratura é uma das principais consequências dos acidentes, especialmente quando envolvem motocicletas ou mótornetas. Além disso, a análise sugere que os profissionais do setor devem estar mais atentos às rotas de transporte utilizadas, pois o uso imprudente dessas vias pode levar a consequências graves.",1
14443,"PARAÍBA","ATIVIDADES DE VIGILANCIA, SEGURANCA E INVESTIGACAO","A análise dos acidentes de trabalho no setor ""ATIVIDADES DE VIGILANCIA, SEGURANCA E INVESTIGACAO"" no estado do Paráíba revela um padrão preocupante: a maioria dos acidentes envolveu motocicletas e motonetas, o que sugere uma falta de segurança nas vias de circulação ou inadequação da infraestrutura para atender às necessidades dos trabalhadores. Além disso, os acidentes de natureza traumática são comuns, o que destaca a importância de medidas preventivas e treinamento adequado para minimizar riscos.",8
14512,"PARAÍBA","COMERCIO VAREJISTA","A análise dos acidentes de trabalho no setor ""Comércio Varejista"" no estado do Paráiba revela que os principais agentes envolvidos são veículos e máquinas, como motocicletas, motoneatas, escadas móveis ou fixadas, serras-máquinas e motonetas. Além disso, a análise sugere um risco significativo de lesões graves, especialmente nas partes do corpo mais expostas, como os membros inferiores e superiores.",75
14451,"PARAÍBA","ATIVIDADES DOS SERVICOS DE TECNOLOGIA DA INFORMACAO","Com base nos dados analisados, é possível identificar que o setor de ATIVIDADES DOS SERVICOS DE TECNOLOGIA DA INFORMACAO no estado do Paráíba apresenta um risco elevado de lesões graves e incapacitantes, especialmente relacionadas ao uso de equipamentos ou materiais perigosos, como frutas e derivados. Além disso, a análise sugere que as ocorrências podem estar concentradas em uma região específica do estado, como a cidade de Cabedelo.",1
14452,"PARAÍBA","ATIVIDADES ESPORTIVAS E DE RECREACAO E LAZER","A análise dos acidentes de trabalho no setor ""ATIVIDADES ESPORTIVAS E DE RECREACAO E LAZER"" no estado Paráiba revela que há um risco significativo associado à manipulação de equipamentos ou estruturas, como escadas móveis ou fixas. Além disso, a lesão mais comum é a fratura do maléolo lateral, o que sugere que houve uma grande ênfase em atividades físicas que envolvem movimentos violentos dos membros inferiores.",1
14453,"PARAÍBA","CAPTACAO, TRATAMENTO E DISTRIBUICAO DE AGUA","A análise dos acidentes de trabalho no setor ""CAPTACAO, TRATAMENTO E DISTRIBUICAO DE AGUA"" no estado de Paraíba revela que os trabalhadores masculinos são mais afetados por lesões, especialmente nos membros superiores e inferiores. Além disso, o uso de máquinas (como caldeira) e ferramentas manuais sem força motriz (como faca) são agentes frequentemente envolvidos em acidentes, o que sugere a importância da implementação de medidas de segurança para reduzir os riscos trabalhistas nesse setor.",4
14457,"PARAÍBA","COLETA, TRATAMENTO E DISPOSICAO DE RESIDUOS; RECUPERACAO DE MATERIAIS","A análise dos acidentes de trabalho no setor ""Coleta, Tratamento e Disposição de Resíduos; Recuperação de Materiais"" no estado da Paraíba revela que a maioria das lesões ocorre em homens, principalmente na faixa etária masculina (25-50 anos). Além disso, o agente causal mais comum é a fruta e seus derivados, seguido de máquinas e veículos, o que sugere que haveria uma falta de treinamento e utilização inadequada desses agentes, aumentando o risco de acidentes.",9
14466,"PARAÍBA","COMERCIO E REPARACAO DE VEICULOS AUTOMOTORES E MOTOCICLETAS","A análise dos acidentes de trabalho no setor ""COMERCIO E REPARACAO DE VEICULOS AUTOMOTORES E MOTOCICLETAS"" no estado Paraíba revela uma concentração de lesões graves e fraturas em membros superiores e inferiores, especialmente nos trabalhadores masculinos. Além disso, a análise sugere que os acidentes relacionados à mobilidade e ao uso de máquinas e ferramentas (como serras e andaimes) são uma ameaça significativa para a segurança dos trabalhadores nessa indústria.",9
14475,"PARAÍBA","COMERCIO POR ATACADO, EXCETO VEICULOS AUTOMOTORES E MOTOCICLETAS","A análise dos acidentes de trabalho no setor ""COMERCIO POR ATACADO, EXCETO VEICULOS AUTOMOTORES E MOTOCICLETAS"" no estado da Paraíba revela que os principais agentes causadores de lesões são máquinas e ferramentas (45% dos casos), seguidos de acidentes relacionados a transporte (25%) e incidentes com animais (15%). Além disso, nota-se uma predominância de lesões no membro inferior e joelhos, o que sugere um risco significativo para essas áreas do corpo.",33
14583,"PARAÍBA","CONFECCAO DE ARTIGOS DO VESTUARIO E ACESSORIOS","A análise dos acidentes de trabalho no setor ""Confeccao de Artigos do Vestuario e Acessórios"" no estado da Paraíba revela um padrão preocupante de lesões causadas por máquinas textiles, o que sugere uma falta de conscientização sobre a segurança operacional e a necessidade de treinamento específico para os trabalhadores. Além disso, a frequência desses acidentes em áreas industriais e em construção pode indicar uma cultura de risco no ambiente de trabalho.",1
14584,"PARAÍBA","CONSTRUCAO DE EDIFICIOS","A análise dos acidentes de trabalho no setor de construção de edifícios no estado da Paraíba revela que a maioria das lesões ocorre em virtude de acidentes típicos relacionados à manipulação de materiais, superfícies irregulares e má gestão de riscos. Além disso, é perceptível um aumento do número de acidentes envolvendo veículos motorizados e superfcies irregulares, o que pode indicar a necessidade de implementação de medidas de segurança específicas para essas áreas.",15
14810,"PARÁ","AGRICULTURA, PECUARIA E SERVICOS RELACIONADOS","Com base nos dados, é possível identificar que o setor de agricultura e pecuária no estado do Pará apresenta um alto nível de lesões e acidentes relacionados à interação com animais, especialmente com cavalos e outros animais domésticos. Além disso, há uma tendência crescente para lesões causadas por objetos ou máquinas, como caldeiras e facas.",55
14599,"PARAÍBA","CORREIO E OUTRAS ATIVIDADES DE ENTREGA","A análise dos acidentes de trabalho no setor 'CORREIO E OUTRAS ATIVIDADES DE ENTREGA' no estado do Paráiba revela que a maioria dos casos é caracterizada por lesões decorrentes de atividades típicas, como transporte e entrega de correio, o que sugere uma relação direta entre os agentes envolvidos (animais vivos, veículos) e os locais trabalhados (ruas, ruas). Além disso, há um risco mais elevado de lesões relacionadas ao sistema nervoso e a doenças nicotina-dependentes.",4
14603,"PARAÍBA","EDICAO E EDICAO INTEGRADA A IMPRESSAO","A análise dos acidentes de trabalho no setor de EDICAO E EDICAO INTEGRADA A IMPRESSAO no estado da Paraíba revela que há um padrão preocupante de lesões relacionadas ao uso de ferramentas manuais sem força motriz, o que sugere uma necessidade urgente de treinamento e aprimoramento dos procedimentos laborais para reduzir os riscos associados à manipulação manual de materiais. Além disso, a falta de proteção adequada em casos como esse pode estar contribuindo para a ocorrência de lesões mais graves e prolongadas.",1
14604,"PARAÍBA","EDUCACAO","A análise dos acidentes de trabalho no setor de Educação no estado da Paraíba revela que houve um aumento significativo de lesões ligadas ao deslocamento e distensão muscular, especialmente nos membros superiores. Além disso, os dados apontam uma tendência maior para acidentes ocorrerem durante o transporte (trajecto) ou relacionados a movimentação (typico), sugerindo a necessidade de se concentrar em programas de educação e prevenção para estes riscos.",4
14608,"PARAÍBA","ELETRICIDADE, GAS E OUTRAS UTILIDADES","A análise dos acidentes de trabalho no setor de Eletricidade, Gas e Outras Utilidades no estado da Paraíba revela um padrão preocupante de lesões relacionadas a movimento e velocidade, como contusões e escoriações, o que sugere uma vulnerabilidade particularmente elevada dos trabalhadores em serviços móveis ou com alta intensidade física. Além disso, há uma maior frequência de acidentes ocorrendo em municípios próximos à capital, João Pessoa, o que pode indicar uma concentração de risco nos centros urbanos da região.",5
14613,"PARAÍBA","EXTRACAO DE MINERAIS NAO METALICOS","A análise dos acidentes de trabalho no estado da Paraíba, especificamente no setor de EXTRAÇÃO DE MINERAIS NÃO METÁLICOS, sugere que há um risco significativo de lesões relacionadas à máquinas e ferramentas, especialmente serras. Além disso, é possível notar uma tendência a acidentes ocorrendo em áreas específicas do corpo, como os dedos das mãos.",1
14614,"PARAÍBA","FABRICACAO DE CELULOSE, PAPEL E PRODUTOS DE PAPEL","A análise dos acidentes de trabalho no setor ""FABRICACAO DE CELULOSE, PAPEL E PRODUTOS DE PAPEL"" no estado do Paráiba revela que o principal risco é a lesão por corte e laceracção causada pela máquina, com frequência maior entre os trabalhadores masculinos. Além disso, há um aumento da probabilidade de lesões graves, como fraturas, quando os acidentes ocorrem em trajetos de transporte ou deslocamento.",2
14616,"PARAÍBA","FABRICACAO DE COQUE, DE PRODUTOS DERIVADOS DO PETROLEO E DE BIOCOMBUSTIVEIS","Com base nos dados, é possível identificar que o setor de fabricação de coque, produtos derivados do petróleo e biocombustíveis no estado da Paraíba apresenta um risco significativo de lesões à mão, joelho e pé, principalmente causadas por acidentes com ferramentas manuais (faca, serras) e equipamentos de guindar. Além disso, há uma tendência para lesões mais graves em casos relacionados a motocicletas e motonetas, o que pode indicar a necessidade de medidas adicionais para reduzir esses riscos.",11
14627,"PARAÍBA","FABRICACAO DE MAQUINAS, APARELHOS E MATERIAIS ELETRICOS","A análise dos acidentes de trabalho no setor de fabricação de máquinas, aparelhos e materiais elétricos no estado da Paraíba revela que os principais riscos são relacionados à mobilidade e ao ambiente de trabalho. A alta frequência de lesões nos dedos sugere que a falta de atenção às precauções durante as operações pode estar contribuindo para esses acidentes, especialmente em contextos em que o trabalhador precisa manipular objetos ou realizar tarefas que demandam habilidades manualas.",1
14628,"PARAÍBA","FABRICACAO DE MOVEIS","A análise dos acidentes de trabalho no setor ""Fabricação de Móveis"" no estado do Paráíba revela que o risco mais elevado é a lesão imediata, caracterizada por ferimentos graves e incapacitantes. Além disso, a grande maioria dos acidentes envolve agentes mecânicos, como serras e máquinas, o que sugere uma falta de adequação das medidas de segurança nos locais de trabalho ou uma necessidade urgente de treinamento para os trabalhadores sobre o uso seguro dessas máquinas.",5
14633,"PARAÍBA","FABRICACAO DE PRODUTOS ALIMENTICIOS","A análise dos acidentes de trabalho no setor de fabricação de produtos alimentícios no estado da Paraíba revela que houve uma concentração de lesões nos membros superiores, especialmente nos dedos e mãos, relacionadas à uso de ferramentas manuais sem força motriz. Além disso, nota-se a ocorrência de acidentes de trânsito envolvendo motoristas, o que pode indicar a necessidade de medidas para reduzir os riscos de colisão e melhorar a segurança dos trabalhadores em trânsito.",29
14687,"PARAÍBA","FABRICACAO DE PRODUTOS TEXTEIS","A análise dos acidentes de trabalho no setor de fabricação de produtos textiles no estado da Paraíba revela que o principal risco é a exposição à lesões físicas, principalmente relacionadas ao uso de máquinas e ferramentas manuais. Além disso, os dados sugerem uma maior frequência de acidentes entre os trabalhadores masculinos em comparação com as mulheres, especialmente nos municípios de João Pessoa e Santa Rita.",6
14662,"PARAÍBA","FABRICACAO DE PRODUTOS DE BORRACHA E DE MATERIAL PLASTICO","Com base no conjunto de acidentes de trabalho no setor ""FABRICACAO DE PRODUTOS DE BORRACHA E DE MATERIAL PLASTICO"" no estado da Paraíba, observa-se um padrão preocupante de lesões relacionadas à manipulação e ao uso de máquinas e ferramentas, como serras e escadas. Além disso, parece haver uma concentração de acidentes em áreas do corpo comuns a atividades laborais, como dedos e joelhos.",2
14664,"PARAÍBA","FABRICACAO DE PRODUTOS DE METAL, EXCETO MAQUINAS E EQUIPAMENTOS","A análise dos acidentes de trabalho no setor de fabricação de produtos de metal, exceto máquinas e equipamentos, no estado da Paraíba revela que a maioria das lesões ocorrem como consequência de ações típicas do dia a dia laboral, com predomínio de lesões superficiais e traumas não especificados. Isso sugere um ambiente de trabalho relativamente seguro, mas com necessidade de revisão e adoção de medidas preventivas para minimizar os riscos de acidentes graves e graves.",12
15316,"PARÁ","EDUCACAO","A análise dos acidentes de trabalho no setor ""EDUCACAO"" no estado do Pará revela um padrão preocupante de lesões decorrentes de acidentes de trânsito e quedas, principalmente envolvendo motociclistas e ocupantes de veículos. Isso sugere uma falta de conscientização sobre a segurança no transporte e a importância da utilização de equipamentos de proteção individual.",10
14676,"PARAÍBA","FABRICACAO DE PRODUTOS DE MINERAIS NAO METALICOS","A análise dos acidentes de trabalho no setor ""FABRICACAO DE PRODUTOS DE MINERAIS NÃO METÁLICOS"" no estado da Paraíba revela um risco elevado de lesões relacionadas a movimentos e deslocamentos, como luxações e fraturas, principalmente em membros inferiores. Além disso, há uma tendência para acidentes envolvendo máquinas e equipamentos, como prensas e veículos motorizados.",8
14684,"PARAÍBA","FABRICACAO DE PRODUTOS QUIMICOS","A análise dos acidentes de trabalho no setor de fabricação de produtos químicos no estado da Paraíba revela que há um risco significativo associado ao uso de veículos, como motocicletas e motonetas, em locais industriais. Além disso, nota-se a frequência de lesões mais graves, como fraturas, especialmente nas pernas, o que sugere uma necessidade maior de implementar medidas de segurança adequadas para prevenir esses tipos de acidentes.",1
14691,"PARAÍBA","FABRICACAO DE VEICULOS AUTOMOTORES, REBOQUES E CARROCERIAS","A análise dos acidentes de trabalho no setor ""FABRICACAO DE VEICULOS AUTOMOTORES, REBOQUES E CARROCERIAS"" no estado Parábia revela que há um risco elevado de lesões graves na cabeça em decorrência do uso de máquinas. Essa anomalia sugere a necessidade de medidas mais rigorosas para prevenir esses acidentes e treinar os trabalhadores sobre a manipulação segura das máquinas.",1
14692,"PARAÍBA","IMPRESSAO E REPRODUCAO DE GRAVACOES","A análise dos acidentes de trabalho no setor ""IMPRESSAO E REPRODUCAO DE GRAVACOES"" no estado de Paraíba revela que os riscos mais significativos estão relacionados à movimentação e ao contato com máquinas e equipamentos, como mostrado pela lesão causada por MAQUINA DE IMPRIMIR e MOTOCICLETA/MOTONETA. Além disso, a fratura do dedo e as lesões na perna indicam que os acidentes podem estar relacionados à falta de atenção ao uso correto da tecnologia e ao gerenciamento ineficaz dos espaços de trabalho.",3
14695,"PARAÍBA","MANUTENCAO, REPARACAO E INSTALACAO DE MAQUINAS E EQUIPAMENTOS","Baseado no conjunto de dados, é possível observar que o setor de manutenção, reparação e instalação de máquinas e equipamentos apresenta uma tendência a lesões superficiais e cortes lacerados, sugerindo um risco elevado para os trabalhadores envolvidos em atividades que envolvem manipulação de materiais, como vidro e fibra. Além disso, a frequência de lesões no dorso e membros superiores sugere uma necessidade de abordagem preventiva focalizada na redução do estresse físico e ergonômica no local de trabalho.",2
14697,"PARAÍBA","METALURGIA","Com base nos dados, é possível identificar que a lesão imediata em olho é um padrão preocupante no setor de metalurgia no estado da Paraíba, especialmente na cidade de Campina Grande. Isso sugere uma falta de atenção à segurança e saúde dos trabalhadores em relação ao uso de máquinas pesadas e ferramentas, como furadeira, broqueadeira, torno e freza, que podem causar lesões corporais graves, incluindo lesões nos olhos.",1
14698,"PARAÍBA","OBRAS DE INFRAESTRUTURA","A análise dos acidentes de trabalho no setor ""OBRAS DE INFRAESTRUTURA"" no estado do Paraíba revela que há um padrão preocupante de lesões relacionadas à utilização de máquinas e equipamentos, como serras e veículos motorizados, o que sugere uma falta de medidas de segurança eficazes para prevenir esses tipos de incidentes. Além disso, a análise também indica que a região de Cajazeiras parece ser um hotspot de acidentes de trabalho no setor, o que pode ser relacionado à falta de recursos e investimentos em segurança no local.",4
14702,"PARAÍBA","OUTRAS ATIVIDADES DE SERVICOS PESSOAIS","A análise dos acidentes de trabalho no setor ""OUTRAS ATIVIDADES DE SERVICOS PESSOAIS"" no estado Paraíba revela que os acidentes envolvendo lesões superficiais e traçados (trajectos) são mais comuns, o que sugere um risco elevado associado a movimentações bruscas ou deslizamentos. Além disso, é notável a predominância de acidentes ocorrendo em municípios como João Pessoa e Campina Grande, sugerindo uma concentração de riscos em regiões específicas do estado.",7
14709,"PARAÍBA","OUTRAS ATIVIDADES PROFISSIONAIS, CIENTIFICAS E TECNICAS","A análise dos acidentes de trabalho no setor ""OUTRAS ATIVIDADES PROFISSIONAIS, CIENTIFICAS E TECNICAS"" no estado do Paraíba revela que há um padrão preocupante de lesões relacionadas a movimentação e transporte, como fraturas e contusões, especialmente em trabalhadores masculinos. Além disso, é notável a falta de mortalidade no período analisado, o que pode indicar uma relativa eficácia dos procedimentos de segurança e atendimento médico no estado.",4
14713,"PARAÍBA","PESCA E AQUICULTURA","Com base nos dados analisados, nota-se que os acidentes de trabalho no setor de Pesca e Aquicultura no estado da Paraíba são predominantemente lesões por corte ou ferimento, frequentemente envolvendo a mão (exceto punho). Isso sugere uma alta exposição a riscos mecânicos e uma necessidade de melhorias na segurança e proteção dos trabalhadores em ambientes de trabalho com máquinas e ferramentas.",1
14714,"PARAÍBA","PREPARACAO DE COUROS E FABRICACAO DE ARTEFATOS DE COURO, ARTIGOS PARA VIAGEM E CALCADOS","Com base nos dados, é possível identificar que o setor de preparação de couros e fabricação de artefatos de couro, artigos para viagem e calçados apresenta um risco significativo de lesões relacionadas à máquina de costurar e péspontar, bem como a fraturas e contusões em dedos e membros superiores. Além disso, é notável o elevado número de acidentes envolvendo agentes não profissionais, como animais e veículos, o que pode indicar a necessidade de medidas preventivas adicionais para mitigar essas ameaças.",9
14723,"PARAÍBA","PUBLICIDADE E PESQUISA DE MERCADO","A análise dos acidentes de trabalho no setor ""Publicidade e Pesquisa de Mercado"" no estado da Paraíba revela que há um padrão preocupante de lesões superficiais e não letais, com predomínio de lesões na cabeça e joelho. Além disso, é notável a falta de mortes em decorrência dos acidentes, o que sugere uma relativamente baixa gravidade dos incidentes registrados.",2
14725,"PARAÍBA","SELECAO, AGENCIAMENTO E LOCACAO DE MAO DE OBRA","A análise dos acidentes de trabalho no setor ""Selecção, Agenciamento e Locação de Mão de Obra"" no estado da Paraíba revela que os principais riscos estão relacionados à exposição a produtos animais (ferimentos causados por produtos animais) e ao uso de superfícies e estruturas (lesões decorrentes do contato com chão, escada ou outras superfícies). Além disso, nota-se uma tendência para lesões multifásicas e graves, o que demonstra a importância da implementação de medidas de prevenção e controle de riscos no setor.",5
14791,"PARÁ","ADMINISTRACAO PUBLICA, DEFESA E SEGURIDADE SOCIAL","O setor de Administração Pública, Defesa e Segurança Social no estado do Pará apresenta uma tendência crescente de lesões caracterizadas por cortes, ferimentos superficiais e abrasões, principalmente na região dos membros inferiores e digitais. Além disso, nota-se a presença de riscos específicos relacionados ao uso de máquinas (serra) e contato com objetos cortantes ou penetrantes, o que pode estar associado à natureza do trabalho desenvolvido nesse setor.",8
14730,"PARAÍBA","SERVICOS DE ARQUITETURA E ENGENHARIA; TESTES E ANALISES TECNICAS","A análise dos acidentes de trabalho no setor de Serviços de Arquitetura e Engenharia; Testes e Análises Técnicas no estado da Paraíba revela um padrão preocupante: a grande maioria das lesões (80%) é resultado de distensão torácica ou lesões superficiais, principalmente em funcionários masculinos. Além disso, a análise sugere que a falta de atenção às condições de segurança e saúde no local de trabalho pode estar contribuindo para esses acidentes.",6
14736,"PARAÍBA","SERVICOS DE ESCRITORIO, DE APOIO ADMINISTRATIVO E OUTROS SERVICOS PRESTADOS PRINCIPALMENTE AS EMPRESAS","A análise dos acidentes de trabalho no setor ""Serviços de Escritório, Apoio Administrativo e Outros Serviços Prestados Principalmnte às Empresas"" no estado do Paraíba revela que os principais riscos para os trabalhadores femininos são lesões relacionadas à distensão torcada, fratura ou corte/lesão imediata, com agentes como escada móvel/fixa, veículo e ferramenta manual sem força motriz. Já os trabalhadores masculinos apresentam um risco mais elevado de acidentes relacionados a animais vivos e veículos rodoviários motorizados.",27
14763,"PARAÍBA","SERVICOS ESPECIALIZADOS PARA CONSTRUCAO","Com base nos dados analisados, é possível identificar que os principais riscos e acidentes de trabalho no setor ""Serviços Especializados para Construção"" no estado da Paraíba estão relacionados à falta de atenção à segurança na utilização de ferramentas manuais (marreto, martelo) e à exposição a superfícies e estruturas instáveis (escada móvel ou fixada, torre, poste).",7
14770,"PARAÍBA","SERVICOS PARA EDIFICIOS E ATIVIDADES PAISAGISTICAS","Com base nos dados, é possível observar que o setor de serviços para edifícios e atividades paisagísticas no estado da Paraíba apresenta um risco relativamente alto de lesões graves relacionadas a movimentação de materiais e uso de equipamentos, como escadas móveis ou fixas. Além disso, a análise sugere que o sexo masculino é mais afetado por esses acidentes, especialmente aquelas relacionadas à fratura de membros superiores e luxação de articulações do pé.",4
14774,"PARAÍBA","TELECOMUNICACOES","A análise dos acidentes de trabalho no setor de telecomunicações no estado da Paraíba revela que a maioria das lesões foi causada por movimentações e impactos (lesões múltiplas, luxação do tronco, lesão imediata), sugerindo uma falta de atenção às normas de segurança e ergonomia durante as atividades rotineiras. Além disso, os dados apontam para a presença de riscos ambientais, como o acidente de trânsito não especificado e a falha estrutural de edifícios ou estruturas, que podem ser evitados com medidas preventivas adequadas.",3
14777,"PARAÍBA","TRANSPORTE AEREO","A análise dos acidentes de trabalho no setor ""TRANSPORTE AEREO"" no estado da Paraíba revela que há um padrão de lesões mais graves relacionadas ao uso de motocicleta ou môtineta, o que sugere uma exposição crítica a riscos na mobilidade e transporte de funcionários.",1
14778,"PARAÍBA","TRANSPORTE TERRESTRE","A análise dos acidentes de trabalho no setor ""TRANSPORTE TERRESTRE"" no estado do Paraná revela que a maioria das lesões (80%) é causada por veículos, destacando a necessidade de implementar medidas de segurança específicas para prevenir colisões e impactos. Além disso, a alta frequência de lesões às articulações e membros inferiores sugere a importância de treinamentos de resistência e força para os trabalhadores do setor.",10
14851,"PARÁ","ALIMENTACAO","A análise dos acidentes de trabalho no setor de alimentação no estado do Pará revela que os machucados são mais comuns nos dedos e mãos, possivelmente devido à manipulação de alimentos e materiais, o que destaca a importância da segurança e da proteção individual. Além disso, é possível notar um padrão de lesões causadas por movimentos repetitivos ou agressivos com ferramentas manuais, como serras e facas, o que sugere a necessidade de treinamento e uso adequado dessas ferramentas.",21
14872,"PARÁ","ALOJAMENTO","A análise dos acidentes de trabalho no setor de alojamento do estado Pará revela que os principais riscos estão relacionados à exposição a agentes físicos e mecânicos, como máquinas, serras e equipamentos elétricos. Além disso, nota-se uma elevada frequência de lesões em membros superiores e mãos, o que sugere uma falta de medidas de segurança eficazes para prevenir esses tipos de incidentes.",4
14876,"PARÁ","ALUGUEIS NAO IMOBILIARIOS E GESTAO DE ATIVOS INTANGIVEIS NAO FINANCEIROS","A análise dos acidentes de trabalho no setor ""Aluguéis Não Imobiliários e Gestão de Ativos Intangíveis Não Financeiros"" no estado do Pará revela que os principais riscos estão relacionados à lesões por esmagamento, corte e fratura, especialmente nos membros superiores (dedos) e na área torácica. Além disso, há uma frequência elevada de acidentes envolvendo agentes mecânicos e materiais (maquina, vidraria, etc.) e superfícies utilitzadas para sustentar pessoas (rampa).",6
14882,"PARÁ","ARMAZENAMENTO E ATIVIDADES AUXILIARES DOS TRANSPORTES","A análise dos acidentes de trabalho no setor ""Armanetamento e Atividades Auxiliares dos Transportes"" no estado do Pará revela que os trabalhadores machos são os principais atingidos, com lesões variando desde contusões até fraturas. Além disso, é notável a presença de agentes riscados como máquinas, motocicletas e veículos rodoviários motorizados, o que sugere uma alta exposição aos riscos mecânicos e de tráfego.",18
14900,"PARÁ","ATIVIDADES ARTISTICAS, CRIATIVAS E DE ESPETACULOS","A análise dos acidentes de trabalho no setor ""ATIVIDADES ARTISTICAS, CRIATIVAS E DE ESPETACULOS"" no estado Pará indica que há um risco significativo de lesões superficiais na perna e tornozelo, provavelmente relacionadas à utilização de máquinas como serras. Além disso, a ocorrência desses acidentes em um município específico, como Castanhal, sugere que há uma área geográfica com vulnerabilidade maior para esses tipos de lesões.",1
14901,"PARÁ","ATIVIDADES DE APOIO A EXTRACAO DE MINERAIS","Os acidentes de trabalho no setor de atividades de apoio à extração de minerais no estado do Pará apresentam um risco específico relacionado às lesões causadas por máquinas, o que pode estar associado à falta de treinamento ou à inadequação da utilização destas em ambientes minerados. Além disso, a fratura de dedos e ossos pode ser indicativo de uma exposição prolongada ao risco de lesões por trauma mecânico.",1
14902,"PARÁ","ATIVIDADES DE ATENCAO A SAUDE HUMANA","A análise dos acidentes de trabalho no setor ""ATIVIDADES DE ATENCAO A SAUDE HUMANA"" no estado do Pará revela que os principais riscos estão relacionados à manipulação de produtos animais e a exposição a doenças transmitidas, bem como ao uso de equipamentos móveis ou fixados. Além disso, a falta de atenção às lesões imediatas e a sobrecarga física também parecem ser fatores contribuintes para os acidentes de trabalho nesse setor.",151
15053,"PARÁ","ATIVIDADES DE ATENCAO A SAUDE HUMANA INTEGRADAS COM ASSISTENCIA SOCIAL, PRESTADAS EM RESIDENCIAS COLETIVAS E PARTICULARES","A análise dos acidentes de trabalho no setor de atenção à saúde humana integradas com assistência social, prestadas em residências coletivas e particulares, no estado do Pará, revela que a lesão mais frequente é relacionada ao trauma, como luxações ou contusões, principalmente na mão ou pé. Além disso, a falta de óbitos registados sugere que os acidentes não são mortais, mas sim causam lesões que podem afetar a capacidade dos trabalhadores para realizar suas funções.",2
15055,"PARÁ","ATIVIDADES DE ORGANIZACOES ASSOCIATIVAS","Com base nos dados, é possível identificar que o setor de ATIVIDADES DE ORGANIZACOES ASSOCIATIVAS no estado do Pará apresenta um padrão de lesões mais comummente relacionadas a acidentes de trânsito e quedas, especialmente envolvendo motocicletas e veículos motorizados. Além disso, é notável que a grande maioria dos casos ocorre no município de Belém, o que sugere um maior risco de lesões em áreas urbanas do estado.",9
15064,"PARÁ","ATIVIDADES DE RADIO E DE TELEVISAO","A análise dos acidentes de trabalho no setor ""ATIVIDADES DE RADIO E DE TELEVISÃO"" no estado Pará revela que a lesão mais comum é a luxação, principalmente nos membros superiores, sugerindo uma possível falta de treinamento ou equipamentos inadequados para manuseio de materiais pesados ou perigosos. Além disso, a presença de agentes móveis como motocicletas e motonetas pode indicar um risco de aceleração excessiva ou falta de atenção ao trânsito durante os deslocamentos trabalhistas.",1
15065,"PARÁ","ATIVIDADES DE SEDES DE EMPRESAS E DE CONSULTORIA EM GESTAO EMPRESARIAL","A análise dos acidentes de trabalho no setor ""ATIVIDADES DE SEDES DE EMPRESAS E DE CONSULTORIA EM GESTAO EMPRESARIAL"" no estado Pará revela um cenário preocupante, caracterizado pela predominância de lesões imediatas e fraturas em membros inferiores, sugerindo uma vulnerabilidade específica dos trabalhadores a acidentes relacionados à mobilidade e ao uso de máquinas. Além disso, é perceptível uma tendência a ocorrerem incidentes mais frequentemente na região de Belém, o que pode ser associado à concentração de atividades econômicas nessa área.",5
15070,"PARÁ","ATIVIDADES DE SERVICOS FINANCEIROS","Baseado nos dados, é possível identificar que os acidentes de trabalho no setor ""ATIVIDADES DE SERVICOS FINANCEIROS"" no estado do Pará apresentam um risco maior para a segurança e saúde dos trabalhadores, especialmente em relação a lesões superficiais e traumáticas envolvendo a cabeça e pescoco. Além disso, há uma tendência para acidentes relacionados ao uso de veículos motorizados e estruturas construídas (como cais), o que reforça a importância da implementação de medidas de prevenção e segurança adequadas nesse setor.",2
15072,"PARÁ","ATIVIDADES DE VIGILANCIA, SEGURANCA E INVESTIGACAO","A análise dos acidentes de trabalho no setor ""Atividades de Vigilância, Segurança e Investigação"" no estado do Pará revela um padrão preocupante: a maioria dos acidentes envolve motociclistas e veículos rodoviários motorizados, o que sugere uma elevada exposição ao risco de lesões graves e fatais em circunstâncias de trânsito. Além disso, os dados também sugerem que a região de Belém é afetada de forma significativa por esses acidentes, possivelmente devido à densa rede viária e ao alto volume de tráfego na área.",15
15087,"PARÁ","ATIVIDADES ESPORTIVAS E DE RECREACAO E LAZER","Com base nos dados disponíveis, é possível identificar que o setor de atividades esportivas e recreação/lazer no estado do Pará apresenta um risco significativo de acidentes relacionados ao trânsito, tanto para motoristas quanto passageiros. Além disso, há uma tendência para lesões múltiplas e ferimentos superficiais em membros inferiores, o que sugere a importância da adoção de medidas de segurança específicas para prevenir acidentes nesse setor.",2
15089,"PARÁ","ATIVIDADES IMOBILIARIAS","A análise dos acidentes de trabalho no setor ""ATIVIDADES IMOBILIARIAS"" no estado PARÁ revela que há um padrão preocupante de lesões relacionadas a veículos rodoviários motorizados, especialmente nos casos que envolvem traçados e braços. Isso sugere uma vulnerabilidade especial dos trabalhadores em relação à perda de controle ou colisões com veículos, o que pode ser mitigado com medidas de segurança adotadas no local de trabalho.",1
15090,"PARÁ","ATIVIDADES JURIDICAS, DE CONTABILIDADE E DE AUDITORIA","A análise dos acidentes de trabalho no setor ""ATIVIDADES JURIDICAS, DE CONTABILIDADE E DE AUDITORIA"" no estado Pará revela que há um padrão de lesões osteológicas com alto grau de severidade, como fraturas, em ambos os géneros (masculino e feminino). Além disso, é preocupante a presença de agentes externos, como veículos rodoviários motorizados, contribuindo para essas lesões.",2
15092,"PARÁ","CAPTACAO, TRATAMENTO E DISTRIBUICAO DE AGUA","A análise dos acidentes de trabalho no setor ""CAPTACAO, TRATAMENTO E DISTRIBUICAO DE AGUA"" no estado PARÁ revela um padrão preocupante: a maioria dos casos é decorrente de lesões por efeitos mecânicos (como veículo ou fruta), o que sugere uma maior exposição ao risco de acidentes em locais com movimentação intensa. Além disso, os dados sugerem que as regiões metropolitanas, como Belém, concentram uma parcela significativa dos casos.",2
15094,"PARÁ","COLETA, TRATAMENTO E DISPOSICAO DE RESIDUOS; RECUPERACAO DE MATERIAIS","A análise dos acidentes de trabalho no setor ""Coleta, Tratamento e Disposição de Resíduos; Recuperação de Materiais"" no estado do Pará revela um padrão preocupante de lesões relacionadas ao uso de veículos motorizados e ao contato com agentes agressores. A maioria das lesões registradas é resultado da colisão com veículos, motocicletas ou motonetas, o que sugere uma falta de atenção às condições de segurança no ambiente de trabalho.",16
15110,"PARÁ","COMERCIO E REPARACAO DE VEICULOS AUTOMOTORES E MOTOCICLETAS","A análise dos acidentes de trabalho no setor ""COMERCIO E REPARACAO DE VEICULOS AUTOMOTORES E MOTOCICLETAS"" no estado do Pará revela que os principais agentes envolvidos são veículos motorizados, em especial motocicletas e motonetas, o que sugere um risco mais alto para trabalhadores envolvidos nessa atividade. Além disso, a análise também indica uma tendência de lesões relacionadas a movimentos ou acidentes durante o trajeto, o que pode ser motivado pela falta de segurança no transporte ou pelo uso imprudente dos veículos.",28
15144,"PARÁ","COMERCIO POR ATACADO, EXCETO VEICULOS AUTOMOTORES E MOTOCICLETAS","A análise dos acidentes de trabalho no setor ""Comércio por atacado, exceto veículos automotres e motocicletas"" no estado Pará revela que a maioria das lesões ocorrem como consequência de acidentes envolvendo ferramentas manuais sem força motriz (30%) ou motocicletas/motonetas (25%). Isso sugere que a falta de treinamento e habilidade em lidar com ferramentas e máquinas pode ser um fator significativo nos acidentes no setor.",46
15188,"PARÁ","COMERCIO VAREJISTA","A análise dos acidentes de trabalho no setor de comércio varejista no estado do Pará revela um aumento significativo da ocorrência de lesões imediatas e fraturas nos meses de março e abril, especialmente relacionadas a motocicletas e veículos. Isso sugere uma necessidade urgente de medidas de segurança e treinamento para os trabalhadores envolvidos em atividades que envolvem transporte e trânsito.",103
17161,"PIAUÍ","ALIMENTACAO","A análise dos acidentes de trabalho no setor de alimentação no estado de Piauí revela que o maior risco é a lesão decorrente de acidentes com superfície utilizada para sustentar pessoas (chao), responsável por cerca de 40% dos casos, seguido por acidentes envolvendo veículos motorizados.",10
20321,"RIO DE JANEIRO","EXTRACAO DE PETROLEO E GAS NATURAL","A análise dos acidentes de trabalho no setor de extração de petróleo e gás natural no estado do Rio de Janeiro revela um padrão de lesões e mortes relativamente baixo, com a maioria das ocorrências relacionadas à manipulação de materiais ou máquinas, como caldeira, maquina de embalar ou serras.",22
15287,"PARÁ","CONFECCAO DE ARTIGOS DO VESTUARIO E ACESSORIOS","A análise dos acidentes de trabalho no setor ""Confeçao de artigos do vestuário e acessórios"" no estado Pará revela que a lesão mais comum é a amputação ou enucleação, sendo o dedo afetado em grande parte. Além disso, é notável a falta de óbitos registrados, sugerindo que os acidentes não são fatais, mas sim graves e potencialmente desabilitantes para as vítimas.",2
15289,"PARÁ","CONSTRUCAO DE EDIFICIOS","A análise dos acidentes de trabalho no setor ""Construção de Edifícios"" no estado do Pará revela que a maior parte das lesões ocorreu em homens, com predomínio de lesões tipo típico, relacionadas à uso de ferramentas e máquinas manuais sem força motriz, como martelos, serras e britadores. Isso sugere uma cultura de trabalho que pode estar priorizando a eficiência sobre a segurança, levando a riscos significativos para a saúde dos trabalhadores.",15
15304,"PARÁ","CORREIO E OUTRAS ATIVIDADES DE ENTREGA","A análise dos acidentes de trabalho no setor ""CORREIO E OUTRAS ATIVIDADES DE ENTREGA"" no estado PARÁ revela que o agente mais comum responsável por lesões é a motocicleta/motoneata, juntamente com frutas e derivados. Além disso, a região de Belém apresenta um maior número de casos do que Ananindeua, sugerindo uma concentração de risco nessa área.

Nota: Esse insight é baseado apenas nos 5 exemplos fornecidos e não representa uma amostra completa dos acidentes de trabalho no setor mencionado.",6
15320,"PARÁ","ELETRICIDADE, GAS E OUTRAS UTILIDADES","A análise dos acidentes de trabalho no setor 'ELETRICIDADE, GAS E OUTRAS UTILIDADES' no estado PARÁ revela que há um padrão de lesões mais freqüentes ocorrendo em homens, com predomínio de lesões imediatas em áreas corporais específicas como partes múltiplas, dedos e torax. Além disso, a análise sugere risco de acidentes relacionados à manipulação de equipamentos de guindar e transporte.",3
15323,"PARÁ","EXTRACAO DE MINERAIS METALICOS","A análise dos acidentes de trabalho no estado Pará, setor ""EXTRACAO DE MINERAIS METALICOS"", revela que os trabalhadores masculinos são mais propensos a sofrer lesões e contusões, principalmente na cabeça e membros superiores. Além disso, a maioria dos acidentes está relacionada à falta de cuidado com o ambiente de trabalho e utilização indevida de equipamentos ou ferramentas.",6
15329,"PARÁ","EXTRACAO DE MINERAIS NAO METALICOS","A análise dos acidentes de trabalho no setor de extração de minerais não metálicos em Pará revela um quadro preocupante com a predominância de lesões imediatas e fraturas, principalmente relacionadas à máquinas e equipamentos. Além disso, há uma concentração de incidentes em municípios específicos, o que sugere a necessidade de intervenções mais eficazes nas áreas de segurança e prevenção no setor.",4
15333,"PARÁ","FABRICACAO DE BEBIDAS","A análise dos acidentes de trabalho no setor de fabricação de bebidas no estado do Pará revela que há um alto índice de lesões decorrentes de acidentes de trânsito e uso inadequado de motocicletas e veículos. Além disso, é possível identificar uma concentração de ocorrências em municípios como Belém, sugerindo que há uma zona mais exposta a riscos laborais nesse setor.",14
15347,"PARÁ","FABRICACAO DE CELULOSE, PAPEL E PRODUTOS DE PAPEL","A análise dos acidentes de trabalho no setor ""FABRICACAO DE CELULOSE, PAPEL E PRODUTOS DE PAPEL"" no estado Pará revela que há um risco significativo de lesões físicas, principalmente relacionadas a quedas e objetos estranhos. Além disso, é possível notar uma tendência para acidentes ocorrerem em áreas urbanas, como Belém e Ananindeua.",2
15349,"PARÁ","FABRICACAO DE COQUE, DE PRODUTOS DERIVADOS DO PETROLEO E DE BIOCOMBUSTIVEIS","A análise dos acidentes de trabalho no setor de fabricação de coque, produtos derivados do petróleo e biocombustíveis no estado do Pará revela que a maioria das lesões (70%) ocorreu por conta de agentes mecânicos, como máquinas agrícolas, britadores e moinhos. Isso sugere um risco elevado associado à manipulação de materiais e ao uso de máquinas pesadas na indústria.",4
15353,"PARÁ","FABRICACAO DE MAQUINAS E EQUIPAMENTOS","A análise dos acidentes de trabalho no setor ""FABRICACAO DE MAQUINAS E EQUIPAMENTOS"" no estado PARÁ revela que o maior risco está relacionado às lesões decorrentes do uso de máquinas e ferramentas, como serras e andaimes. Além disso, observou-se uma tendência a lesões mais graves nos membros inferiores e dorso, o que pode ser atribuído à natureza dos processos fabris envolvidos.",2
15355,"PARÁ","FABRICACAO DE MAQUINAS, APARELHOS E MATERIAIS ELETRICOS","Com base nos dados, é possível identificar que o setor de Fabricação de Máquinas, Aparelhos e Materiais Elétricos no estado do Pará tem um padrão de acidentes envolvendo lesões às partes inferiores do corpo (pernas) e dedos, comprovando a importância da adoção de medidas preventivas específicas para essas áreas. Além disso, a presença de máquinas como serras e transportadores com força motriz parece ser um agente de risco significativo nesse setor.",7
15362,"PARÁ","FABRICACAO DE MOVEIS","A análise dos acidentes de trabalho no setor de fabricação de móveis no estado do Pará revela um padrão preocupante de lesões relacionadas ao uso de máquinas e ferramentas manuais, como serras e facas. Além disso, também há uma elevada frequência de acidentes envolvendo veículos motorizados, especialmente motocicletas e motonetas, o que sugere a necessidade de medidas para melhorar a segurança no transporte e no uso dessas máquinas no local de trabalho.",12
15682,"PARÁ","SERVICOS ESPECIALIZADOS PARA CONSTRUCAO","A análise dos acidentes de trabalho no setor ""Serviços Especializados para Construção"" no estado do Pará revela que há uma predominância de lesões relacionadas à exposição a riscos biomecânicos, como corte, fratura e abrasão, com destaque para os agentes responsáveis pela lesão: britador, serragem, escada móvel ou fixada, carro-de-mão, martelo e marreta.",26
15374,"PARÁ","FABRICACAO DE PRODUTOS ALIMENTICIOS","A análise dos acidentes de trabalho no setor de fabricação de produtos alimentícios em Pará revela que os homens são a maioria das vítimas (100%), e que os acidentes mais comuns ocorrem durante o uso de máquinas e ferramentas manuais, como britadores, facões e máquinas sem força motriz. Além disso, a falta de proteção individual e a inexistência de mecanismos de segurança adequados também são fatores contribuintes para os acidentes registrados.",84
15458,"PARÁ","FABRICACAO DE PRODUTOS DE BORRACHA E DE MATERIAL PLASTICO","A análise dos acidentes de trabalho no setor ""FABRICACAO DE PRODUTOS DE BORRACHA E DE MATERIAL PLASTICO"" no estado PARÁ revela que o risco mais significativo é a lesão causada por agentes mecânicos, como serras e máquinas, com mais de 50% dos casos registrados. Além disso, há um padrão preocupante de acidentes fatais relacionados à eletricidade, que pode ser mitigado mediante medidas de segurança adequadas e treinamento dos trabalhadores.",5
15463,"PARÁ","FABRICACAO DE PRODUTOS DE MADEIRA","A análise dos acidentes de trabalho no setor de fabricação de produtos de madeira no estado do Pará revela que a maioria das lesões (70%) é decorrente de acidentes típicos, relacionados à manipulação de máquinas e ferramentas, enquanto os acidentes em trajeto representam apenas 15% dos casos. Além disso, observou-se uma elevada frequência de lesões na área da mão (30%) e no braço (20%), o que sugere a necessidade de aprimoramento da segurança nos processos de trabalho que envolvem manipulação manual de materiais.",20
15483,"PARÁ","FABRICACAO DE PRODUTOS DE METAL, EXCETO MAQUINAS E EQUIPAMENTOS","A análise dos acidentes de trabalho no setor de fabricação de produtos de metal, exceto máquinas e equipamentos, no estado do Pará, revela que a lesão mais comum é a laceracão ferida contusa, pontura ferida aberta (34,6% dos casos), seguida da fratura de dedos (15,4%). Além disso, há uma tendência elevada de acidentes ocorrendo no município de Paraüapebas e Belém.",9
15492,"PARÁ","FABRICACAO DE PRODUTOS DE MINERAIS NAO METALICOS","Com base nos dados, é possível perceber que o setor de fabricação de produtos de minerais não metais no estado do Pará apresenta um padrão preocupante de acidentes relacionados a lesões imediatas e contusões na parte superior do corpo, especialmente em dedos e mãos. Além disso, é notável a ocorrência de acidentes envolvendo agentes mecânicos, como máquinas e ferramentas manuais, o que sugere a necessidade de implementar medidas de segurança mais eficazes para reduzir os riscos associados à atividade laboral.",15
15507,"PARÁ","FABRICACAO DE PRODUTOS QUIMICOS","A análise dos acidentes de trabalho no setor de fabricação de produtos químicos no estado do Pará revela que os principais agentes envolvidos são máquinas e veículos motorizados, o que sugere riscos significativos para a segurança dos trabalhadores. Além disso, é possível identificar um padrão de lesões relacionadas à cabeça e membros superiores, o que pode estar associado ao uso de equipamentos manuais sem força motriz.",11
15518,"PARÁ","FABRICACAO DE PRODUTOS TEXTEIS","A análise dos acidentes de trabalho no setor de fabricação de produtos textiles em Pará revela um padrão preponderante de lesões relacionadas a maquinas textis, principalmente nos dedos e áreas do punho/mão. Além disso, é possível identificar uma concentração de casos em Castanhal, o que sugere uma área com elevado risco ou falta de adoção de medidas de segurança eficazes no local de trabalho.",4
15522,"PARÁ","FABRICACAO DE VEICULOS AUTOMOTORES, REBOQUES E CARROCERIAS","A análise dos acidentes de trabalho no setor de fabricação de veículos automotivos, reboques e carrocarias em Pará revela que os trabalhadores masculinos são mais vulneráveis a lesões, com uma predominância de fraturas nas mãos e membros superiores. Além disso, a utilização de máquinas e equipamentos pesados, como serras e reboque mecânico, parece estar relacionada a um aumento do risco de acidentes graves.",2
15524,"PARÁ","MANUTENCAO, REPARACAO E INSTALACAO DE MAQUINAS E EQUIPAMENTOS","A análise dos acidentes de trabalho no setor ""MANUTENCAO, REPARACAO E INSTALACAO DE MAQUINAS E EQUIPAMENTOS"" no estado do Pará revela que os principais fatores envolvidos são lesões decorrentes da manipulação de máquinas e equipamentos, com destaque para a Serra - Maquina como agente envolvido em várias ocorrências. Além disso, a falta de atenção à segurança na manutenção de máquinas e a inadequação dos procedimentos podem estar contribuindo para os acidentes registrados.",11
15535,"PARÁ","METALURGIA","A análise dos acidentes de trabalho no setor metalurgia no estado do Pará revela que os principais riscos são relacionados à exposição a substâncias químicas e ao uso de máquinas manuais sem proteção adequada. Além disso, é notável a concentração de acidentes em municípios específicos, como Barcarena, indicando uma possível falta de atenção às questões de segurança no local de trabalho.",6
15541,"PARÁ","OBRAS DE INFRAESTRUTURA","A análise dos acidentes de trabalho no setor ""OBRAS DE INFRAESTRUTURA"" no estado PARÁ revela que os principais agentes envolvidos são máquinas e veículos, destacando a importância da segurança nas operações de construção. Além disso, a lesão mais comum é a escoriação-abrasão-ferimento superficial, sugerindo a necessidade de treinamento em primeiros socorros e atenção especial à segurança individual dos trabalhadores.",36
15577,"PARÁ","OUTRAS ATIVIDADES PROFISSIONAIS, CIENTIFICAS E TECNICAS","A análise dos acidentes de trabalho no setor ""OUTRAS ATIVIDADES PROFISSIONAIS, CIENTIFICAS E TECNICAS"" no estado Pará revela que o risco de lesões mais comum é relacionado ao uso de ferramentas manuais sem força motriz, como enxadas e sache-ferramenta. Além disso, há um padrão de lesões ao nível das mãos e dedos, sugerindo uma falta de atenção à segurança individual e ao treinamento adequado para a manipulação de ferramentas pesadas e perigosas.",1
15578,"PARÁ","PESCA E AQUICULTURA","A análise dos acidentes de trabalho no setor ""PESCA E AQUICULTURA"" no estado PARÁ revela que os trabalhadores masculinos são mais propensos a sofrer lesões imediatas, principalmente relacionadas à superfície utilizada para sustentação das pessoas, como é o caso da ocorrência em Belém.",1
15579,"PARÁ","PREPARACAO DE COUROS E FABRICACAO DE ARTEFATOS DE COURO, ARTIGOS PARA VIAGEM E CALCADOS","A análise dos acidentes de trabalho no setor ""Preparação de couros e fabricação de artefatos de couro, artigos para viagem e calçados"" no estado do Pará revela que os trabalhadores estão expostos a riscos mecânicos, com lesões mais frequentemente relacionadas à articulação do tornozelo e perna.",1
15580,"PARÁ","PRODUCAO FLORESTAL","A análise dos acidentes de trabalho no setor de produção florestal do estado do Pará revela que os principais agentes envolvidos são veículos motorizados (motocicletas e motoneatas), o que sugere uma alta exposição a riscos na mobilidade e transporte dentro da área de trabalho. Além disso, a lesão mais comum é a fratura, o que indica a presença de riscos físicos e mecânicos associados ao uso de ferramentas manuais e equipamentos pesados.",5
15585,"PARÁ","PUBLICIDADE E PESQUISA DE MERCADO","A análise dos acidentes de trabalho no setor ""Publicidade e Pesquisa de Mercado"" no estado Pará revela um padrão preocupante: a motocicleta/motoneta é o agente mais frequente envolvido em acidentes, sugerindo que os profissionais dessa área podem estar expostos a riscos elevados ao utilizar esses veículos para se deslocar. Além disso, a grande maioria dos acidentes ocorre durante o trajeto, o que pode indicar uma falta de atenção às regras de trânsito e segurança no trabalho.",5
15590,"PARÁ","SEGUROS, RESSEGUROS, PREVIDENCIA COMPLEMENTAR E PLANOS DE SAUDE","A análise dos acidentes de trabalho no setor ""SEGUROS, RESSEGUROS, PREVIDENCIA COMPLEMENTAR E PLANOS DE SAUDE"" no estado Pará revela que os principais riscos envolvem lesões decorrentes de movimentação em veículos (motocicletas e motonetas) e exposição a agentes químicos. Além disso, há um elevado número de lesões graves e permanentes, especialmente nos membros superiores e na área respiratória, o que sugere a necessidade de medidas preventivas específicas para minimizar esses riscos.",9
15599,"PARÁ","SELECAO, AGENCIAMENTO E LOCACAO DE MAO DE OBRA","A análise dos acidentes de trabalho no setor ""SELECAO, AGENCIAMENTO E LOCACAO DE MAO DE OBRA"" no estado PARÁ revela que os principais riscos são relacionados à manipulação de máquinas e ferramentas manuais, como serras, laminadoras e alavancas, o que demonstra a importância da educação e treinamento para os trabalhadores sobre a utilização segura desses instrumentos. Além disso, a análise também sugere que a motocicleta é um agente de risco importante nesse setor.",8
15607,"PARÁ","SERVICOS DE ARQUITETURA E ENGENHARIA; TESTES E ANALISES TECNICAS","A análise dos acidentes de trabalho no setor ""Serviços de Arquitetura e Engenharia; Testes e Análises Técnicas"" no estado do Pará revela que a maioria dos casos são lesões imediatas causadas por máquinas e ferramentas manuais, especialmente serras e equipamentos de iluminação. Além disso, há um risco significativo de acidentes relacionados ao transporte, bem como ocorrências graves, como morte, em decorrência de doenças agudas, como septicemia não especificada.",16
15623,"PARÁ","SERVICOS DE ASSISTENCIA SOCIAL SEM ALOJAMENTO","A análise dos acidentes de trabalho no setor ""Serviços de Assistência Social sem Alojamento"" no estado Pará revela que a maioria das lesões é decorrente de contusões e esmagamentos superficiais, o que sugere uma alta probabilidade de riscos mecânicos ou físicos presentes no local de trabalho. Além disso, a frequência de acidentes relacionados ao uso do chão como superfície utilizada para sustentar pessoas é preocupante e indica a necessidade de implementar medidas para prevenir essas ocorrências.",6
15629,"PARÁ","SERVICOS DE ESCRITORIO, DE APOIO ADMINISTRATIVO E OUTROS SERVICOS PRESTADOS PRINCIPALMENTE AS EMPRESAS","A análise dos acidentes de trabalho no setor ""Serviços de Escritório, de Apoio Administrativo e outros Serviços Prestados Principalmente às Empresas"" no estado do Pará revela que o risco mais significativo está relacionado à lesões causadas por veículos, tanto aquáticos quanto rodoviários, motorizados ou não. Além disso, os acidentes envolvendo ferramentas manuais e frutas e derivados também apresentam um padrão de frequência considerável, o que sugere a importância da conscientização sobre a segurança no trabalho em ambientes industriais e construções.",39
15718,"PARÁ","TELECOMUNICACOES","A análise dos acidentes de trabalho no setor de telecomunicações do estado do Pará revela um padrão preocupante de lesões relacionadas a movimentação e transporte, com destaque para as fraturas e choques elétricos. Além disso, o estudo aponta uma concentração de incidentes em municípios como Belém e Marabá, sugerindo que os riscos laborais são mais elevados em áreas urbanas do estado.",3
15721,"PARÁ","TRANSPORTE AQUAVIARIO","Com base nos dados, é possível identificar que o setor de transporte aquaviário no estado do Pará apresenta um risco relativamente alto de lesões faciais e orais, especialmente relacionadas à ferimentos causados por veículos ou ferramentas manuais. Além disso, há uma tendência para lesões graves, como queimaduras e ferimentos cravos, o que sugere a necessidade de implementar medidas preventivas mais eficazes para minimizar esses riscos.",7
15728,"PARÁ","TRANSPORTE TERRESTRE","A análise dos acidentes de trabalho no setor ""TRANSPORTE TERRESTRE"" no estado do Pará revela que a lesão mais comum é a escoriação abrasiva ferimento superficial, ocorrendo em 4 casos. Além disso, é notável a alta frequência de lesões relacionadas ao ruído (3 casos) e à máquina (2 casos), o que sugere um risco elevado associado à exposição sonora e ao uso inadequado de equipamentos.",31
15759,"PERNAMBUCO","ADMINISTRACAO PUBLICA, DEFESA E SEGURIDADE SOCIAL","Com base no conjunto de acidentes de trabalho na área de Administração Pública, Defesa e Seguridade Social em Pernambuco, é possível identificar um padrão de acidentes relacionados à exposição a superfícies irregulares ou inestáveis, como telhados e chão, o que pode estar relacionado ao não uso de equipamentos de proteção individual adequados ou ao desrespeito às regras de segurança no local de trabalho. Além disso, é importante notar a falta de óbitos registrados entre os casos apresentados, o que sugere uma boa estrutura de atendimento médico e resgate em caso de acidentes.",2
15761,"PERNAMBUCO","AGRICULTURA, PECUARIA E SERVICOS RELACIONADOS","O setor de agricultura, pecuária e serviços relacionados no estado de Pernambuco apresenta um quadro preocupante de acidentes de trabalho, com lesões frequentemente relacionadas à utilização de máquinas e ferramentas, como serras e equipamentos elétricos. Além disso, a falta de atenção às superfícies utilizadas para sustentar pessoas (chão) também é um fator importante em muitos casos de acidentes e lesões.",32
15793,"PERNAMBUCO","ALIMENTACAO","A análise dos acidentes de trabalho no setor alimentação do estado Pernambuco revela que há um elevado número de lesões decorrentes da exposição a agentes cortantes ou penetrantes, principalmente facas e ferramentas manuais. Além disso, a falta de segurança em locais específicos, como escadas móveis ou fixadas, também está presente como fator de risco significativo para os trabalhadores do setor.",38
15831,"PERNAMBUCO","ALOJAMENTO","A análise dos acidentes de trabalho no setor ""ALOJAMENTO"" no estado Pernambuco revela que a maior parte das lesões ocorre no contexto do emprego (TÍPICO) e é mais comum os trabalhadores femininos serem afetados. Além disso, o uso de máquinas e equipamentos pesados, como laminadoras e mobiliário, parece ser um agente importante na ocorrência de lesões.",26
15857,"PERNAMBUCO","ALUGUEIS NAO IMOBILIARIOS E GESTAO DE ATIVOS INTANGIVEIS NAO FINANCEIROS","A análise dos acidentes de trabalho no setor ""Aluguéis não imobiliários e gestão de ativos intangíveis não financeiros"" no estado Pernambuco revela que os riscos mais frequentemente associados a lesões trabalhistas são agentes externos, como animais vivos, veículos rodoviários motorizados e objetos móveis (59% dos casos). Além disso, a maioria das lesões ocorrem durante o trajeto ou no ambiente de trabalho (53%), apontando para a importância da segurança nos processos de mobilidade e gestão de riscos.",23
15880,"PERNAMBUCO","ARMAZENAMENTO E ATIVIDADES AUXILIARES DOS TRANSPORTES","A análise dos acidentes de trabalho no setor ""Armanetimento e Atividades Auxiliares dos Transportes"" no estado de Pernambuco revela que o maior risco é a lesão imediata, com mais de 40% dos casos, frequentemente decorrente da utilização de veículos rodoviários motorizados ou máquinas pesadas. Além disso, os acidentes envolvendo transporte de carga ou pessoas também são significativos, o que sugere a necessidade de reforço na segurança e no treinamento para os trabalhadores nesse setor.",15
15899,"PERNAMBUCO","ATIVIDADES DE ATENCAO A SAUDE HUMANA","A análise dos acidentes de trabalho no setor de Atividades de Atenção à Saúde Humana no estado de Pernambuco revela que a maioria das lesões ocorrem de forma imediata e são causadas por agentes internos ou externos, como ferramentas manuais, produtos animais e objetos cortantes ou penetrantes. Além disso, é perceptível um risco maior associado ao uso de veículos motorizados, como motocicletas e moinhos, especialmente em áreas urbanas.",297
16579,"PERNAMBUCO","EDUCACAO","A análise dos acidentes de trabalho no setor ""EDUCACAO"" no estado Pernambuco revela que os principais agentes de risco são o chão e superfícies utilizadas para sustentar pessoas, com mais de 40% das lesões ocorrendo em decorrência disso. Além disso, a maioria dos acidentes é caracterizada por lesões superficiais e não letais, embora haja um risco residual de sequelas crônicas.",21
16192,"PERNAMBUCO","ATIVIDADES DE ATENCAO A SAUDE HUMANA INTEGRADAS COM ASSISTENCIA SOCIAL, PRESTADAS EM RESIDENCIAS COLETIVAS E PARTICULARES","A análise dos acidentes de trabalho no setor ""ATIVIDADES DE ATENCAO A SAUDE HUMANA INTEGRADAS COM ASSISTENCIA SOCIAL, PRESTADAS EM RESIDENCIAS COLETIVAS E PARTICULARES"" no estado Pernambuco indica que a maioria dos acidentes é causada por lesões relacionadas à mobilidade e movimento (distensão torácica e entorse de membros), com predomínio em mulheres. Além disso, nota-se uma tendência para a ocorrência de acidentes na cidade de Recife.",3
16195,"PERNAMBUCO","ATIVIDADES DE ORGANIZACOES ASSOCIATIVAS","A análise dos acidentes de trabalho no setor ""ATIVIDADES DE ORGANIZACOES ASSOCIATIVAS"" no estado Pernambuco revela que o principal risco é a lesão física, especialmente as lesões superficiais e fraturas, frequentemente associadas à atividades realizadas fora do local de trabalho, como acidentes de trânsito ou colisões com animais. Além disso, verifica-se um alto índice de lesões relacionadas ao uso de ferramentas manuais sem força motriz, como serras e facões.",9
16204,"PERNAMBUCO","ATIVIDADES DE RADIO E DE TELEVISAO","A análise dos acidentes de trabalho no setor de atividades de rádio e televisão em Pernambuco revela que o maior risco é relacionado à circulação viária, com um grande número de lesões envolvendo motociclistas e veículos. Além disso, a falta de segurança nas instalações de trabalho e a exposição a fatores físicos, como escadas móveis ou fixas, também parece ser um problema significativo nesse setor.",3
16207,"PERNAMBUCO","ATIVIDADES DE SEDES DE EMPRESAS E DE CONSULTORIA EM GESTAO EMPRESARIAL","A análise dos acidentes de trabalho no setor ""ATIVIDADES DE SEDES DE EMPRESAS E DE CONSULTORIA EM GESTAO EMPRESARIAL"" no estado Pernambuco revela que a maioria das lesões ocorrem por distensão toracáica e contusões superficiais, com predomínio de mulheres (70%) e idade média aproximadamente igual a 35 anos. Além disso, a presença de veículos e máquinas em mais da metade dos acidentes sugere que a falta de segurança na circulação e o uso inadequado de equipamentos contribuem significativamente para os riscos trabalhistas nesse setor.",10
16217,"PERNAMBUCO","ATIVIDADES DE SERVICOS FINANCEIROS","A análise dos acidentes de trabalho no setor ""ATIVIDADES DE SERVICOS FINANCEIROS"" no estado Pernambuco revela que a maioria das lesões é decorrente de contusões e esmagamentos superficiais, sugerindo um risco significativo de danos causados por objetos ou máquinas. Além disso, os dados indicam que os municípios de Recife e Garanhuns são os mais afetados por esses acidentes, o que pode ser relacionado à maior concentração de empresas do setor financeiro nessa região.",8
16225,"PERNAMBUCO","ATIVIDADES DE VIGILANCIA, SEGURANCA E INVESTIGACAO","A análise dos acidentes de trabalho no setor ""ATIVIDADES DE VIGILANCIA, SEGURANCA E INVESTIGACAO"" no estado Pernambuco revela um padrão de risco significativo associado à mobilidade e ao uso de veículos motorizados (motocicletas e motonetas), com lesões frequentemente relacionadas a ferimentos superficiais e traumatismos múltiplos. Além disso, é possível identificar uma concentração de acidentes em Recife, o que sugere a importância da implementação de medidas preventivas específicas para esta região.",29
16254,"PERNAMBUCO","ATIVIDADES DOS SERVICOS DE TECNOLOGIA DA INFORMACAO","A análise dos acidentes de trabalho no setor ""ATIVIDADES DOS SERVICOS DE TECNOLOGIA DA INFORMACAO"" no estado Pernambuco revela que há um padrão preocupante de lesões relacionadas a movimento e mobilidade, como distensão muscular, dor lombar baixa e contusão. Além disso, também é possível identificar o uso de máquinas e equipamentos como fatores contribuintes para os acidentes.",4
16258,"PERNAMBUCO","ATIVIDADES ESPORTIVAS E DE RECREACAO E LAZER","A análise dos acidentes de trabalho no setor ""Atividades Esportivas e de Recreação e Lazer"" no estado Pernambuco revela um padrão preocupante: a maioria dos acidentes ocorrem por lesões imediatas (lesões do tipo trauma) relacionadas ao uso de agentes do acidente, como motocicletas ou ferramentas manuais. Além disso, há uma concentração desses acidentes no município de Recife, o que sugere a necessidade de medidas preventivas específicas para essa região e setor.",6
16264,"PERNAMBUCO","ATIVIDADES IMOBILIARIAS","A análise dos acidentes de trabalho no setor de atividades imobiliárias em Pernambuco revela um padrão preocupante: a lesão mais comum é resultado de intervenção com máquinas ou ferramentas, como serras, o que sugere uma falta de treinamento adequado ou inadequação das medidas de segurança para prevenir esses incidentes. Além disso, há um risco elevado de lesões agudas no braço e em outras áreas do corpo, indicando a necessidade de intervenções mais eficazes para reduzir os danos decorrentes dessas ocorrências.",1
16265,"PERNAMBUCO","ATIVIDADES JURIDICAS, DE CONTABILIDADE E DE AUDITORIA","A análise dos acidentes de trabalho no setor ""ATIVIDADES JURIDICAS, DE CONTABILIDADE E DE AUDITORIA"" no estado Pernambuco revela que há um padrão de risco associado à utilização de escadas móveis ou fixadas, levando a lesões como fraturas em membros inferiores. Além disso, é possível identificar uma concentração de acidentes em municípios específicos, como Caruaru, indicando que há áreas geográficas com maior exposição a riscos laborais.",1
16266,"PERNAMBUCO","CAPTACAO, TRATAMENTO E DISTRIBUICAO DE AGUA","A análise dos acidentes de trabalho no setor ""CAPTACAO, TRATAMENTO E DISTRIBUICAO DE AGUA"" no estado Pernambuco revela que o risco mais frequente é relacionado a lesões causadas por máquinas e veículos, especialmente serras e veículos motorizados. Além disso, também há um padrão de lesões musculares e articulares em diversas partes do corpo, sugerindo que os trabalhadores podem estar expostos a fatores de estresse físico e nervoso repetitivos durante suas atividades laborais.",9
16275,"PERNAMBUCO","COLETA, TRATAMENTO E DISPOSICAO DE RESIDUOS; RECUPERACAO DE MATERIAIS","A análise dos acidentes de trabalho no setor ""Coleta, Tratamento e Disposição de Residuos; Recuperação de Materiais"" no estado Pernambuco revela que a lesão mais comum é a Escoriação/Abrasão/Ferimento Superficial (23,8%), principalmente na parte do pé/antebraco/joelho. O agente mais frequente responsável por essas lesões é a maquinaria e equipamentos de trabalho (55,6%).",40
16315,"PERNAMBUCO","COMERCIO E REPARACAO DE VEICULOS AUTOMOTORES E MOTOCICLETAS","A análise dos acidentes de trabalho no setor ""Comércio e Reparação de Veículos Automotivos e Motocicletas"" no estado Pernambuco revela que o maior risco é a lesão decorrente da manipulação de veículos, com 60% dos casos relacionados à colisão ou acidente com veículo. Além disso, há uma tendência para que os homens sejam mais afetados por esses acidentes, com cerca de 80% dos casos registrando vítimas masculinas.",17
16332,"PERNAMBUCO","COMERCIO POR ATACADO, EXCETO VEICULOS AUTOMOTORES E MOTOCICLETAS","A análise dos acidentes de trabalho no setor ""COMERCIO POR ATACADO, EXCETO VEICULOS AUTOMOTORES E MOTOCICLETAS"" no estado Pernambuco revela que os principais riscos estão relacionados à lesões por tração, contusão e esmagamento, principalmente em áreas como articulação do tornozelo, perna e joelho. Além disso, a presença de máquinas e equipamentos, como britador, serras e escadas móveis, também está associada ao risco de lesões graves.",69
16401,"PERNAMBUCO","COMERCIO VAREJISTA","Com base nos dados analisados, é possível observar que o setor de comércio varejista no estado de Pernambuco apresenta um risco elevado de lesões graves e contusões múltiplas, especialmente relacionadas ao uso de máquinas e veículos rodoviários motorizados. Além disso, é notável a falta de óbitos registrados, o que sugere que os acidentes ocorridos têm sido relativamente menores em termos de gravidade e sequelas.",117
16518,"PERNAMBUCO","CONFECCAO DE ARTIGOS DO VESTUARIO E ACESSORIOS","A análise dos acidentes de trabalho no setor ""Confeção de Artigos do Vestuário e Acessórios"" no estado Pernambuco revela que houve uma concentração de lesões relacionadas a mãos, dedos e punhos, sugerindo um risco elevado de lesões cutâneas e traumatismo em funcionários envolvidos em atividades manuais. Além disso, a presença de agentes lesivos como máquinas textil, prensa-máquina e tesoura/guilhotina/maquinade cortar sugere uma falta de adequação das ferramentas ao trabalho realizado, gerando um ambiente de risco laboral.",4
16522,"PERNAMBUCO","CONSTRUCAO DE EDIFICIOS","Com base nos dados, é possível identificar que os acidentes de trabalho no setor de construção de edifícios no estado de Pernambuco apresentam um padrão de lesões relacionadas à manipulação de materiais e ferramentas manuais (serra, serrote, tiulo e telha), bem como ao uso de equipamentos móveis (moto ciclota). Além disso, há uma concentração de ocorrências em Recife, o que sugere um maior risco de acidentes no setor de construção na região.",43
16565,"PERNAMBUCO","CORREIO E OUTRAS ATIVIDADES DE ENTREGA","A análise dos acidentes de trabalho no setor ""Correio e outras atividades de entrega"" no estado de Pernambuco revela que a maioria das lesões é decorrente da manipulação de máquinas (40%) e do uso de veículos motorizados (30%), o que sugere um risco relativamente alto associado ao transporte e processamento de materiais. Além disso, os dados indicam uma alta taxa de acidentes relacionados à agressão animal (10%), o que pode ser um fator a considerar para implementar medidas de segurança adicionais no local de trabalho.",6
16571,"PERNAMBUCO","EDICAO E EDICAO INTEGRADA A IMPRESSAO","A análise dos acidentes de trabalho no setor ""EDICAO E EDICAO INTEGRADA A IMPRESSAO"" em Pernambuco revela que os riscos mais significativos estão relacionados à falta de cuidado e atenção durante as operações, como o uso impróprio de máquinas e veículos. Além disso, a análise sugere que os acidentes são frequentemente causados por erros humanos, como ações precipitadas ou desatenção ao próprio bem-estar e segurança.",2
16594,"PERNAMBUCO","ELETRICIDADE, GAS E OUTRAS UTILIDADES","A análise dos acidentes de trabalho no setor ""ELETRICIDADE, GAS E OUTRAS UTILIDADES"" no estado Pernambuco revela que os principais agentes responsáveis por lesões e acidentes são veículos rodoviários motorizados (40%) e objetos fixos ou parados (20%), enquanto as lesões mais comuns incluem cortes, lacerções e fraturas.",8
16602,"PERNAMBUCO","ESGOTO E ATIVIDADES RELACIONADAS","A análise dos acidentes de trabalho no setor ""ESGOTO E ATIVIDADES RELACIONADAS"" no estado Pernambuco revela que os principais agentes causadores de lesões são veículos motorizados (motocicletas e automóveis) e máquinas (serra), enquanto as principais lesões são fraturas e contusões, principalmente acometendo membros inferiores e superiores.",5
16607,"PERNAMBUCO","FABRICACAO DE BEBIDAS","A análise dos acidentes de trabalho no setor de fabricação de bebidas em Pernambuco revela que o principal agente causal é a máquina (40%), seguida pela transporte rodoviário motorizado (25%). Além disso, a lesão mais comum é a corte laceracao ferida contusa punctura ferida aberta (30%), seguida por contusao esmagamento superficie cutanea intacta (20%).",12
16619,"PERNAMBUCO","FABRICACAO DE CELULOSE, PAPEL E PRODUTOS DE PAPEL","A análise dos acidentes de trabalho no setor de fabricação de celulose, papel e produtos de papel no estado de Pernambuco revela que a maioria dos casos envolve lesões múltiplas na perna e dedos, bem como ferimentos contusos e cortes. Além disso, é perceptível um padrão de risco associado à manipulação de materiais e objetos pesados, como vidraria e máquinas de corte, o que pode ser mitigado com a implementação de medidas de segurança adequadas.",5
16624,"PERNAMBUCO","FABRICACAO DE COQUE, DE PRODUTOS DERIVADOS DO PETROLEO E DE BIOCOMBUSTIVEIS","**Insight**

Os acidentes de trabalho no setor de fabricação de coque e produtos derivados do petróleo e biocombustíveis no estado de Pernambuco apresentam um padrão alto de lesões corporais graves, com destaque para a Lesão imediata e Corte laceracão ferida contusa punctura ferida aberta, que afetam principalmente as extremidades superiores (mãos e dedos). Além disso, há uma tendência para os acidentes ocorrerem em decorrência de agentes como faca, facão - ferramenta manual sem força motriz e máquina.",14
16638,"PERNAMBUCO","FABRICACAO DE EQUIPAMENTOS DE INFORMATICA, PRODUTOS ELETRONICOS E OPTICOS","Baseado nos dados analisados, é possível identificar que o setor de Fabricação de Equipamentos de Informática, Produtos Eletrônicos e Ópticos no estado de Pernambuco apresenta um risco significativo de lesões imediatas, especialmente nas pernas, relacionadas ao uso de veículos motorizados, como motocicletas ou móticas, durante a jornada de trabalho.

Além disso, é notável a falta de óbitos registrados nos acidentes de trabalho, o que sugere que os danos são predominantemente de natureza não fatal e requerem atenção médica imediata.",1
16639,"PERNAMBUCO","FABRICACAO DE MAQUINAS E EQUIPAMENTOS","A análise dos acidentes de trabalho no setor de fabricação de máquinas e equipamentos no estado de Pernambuco revela que existem riscos associados ao uso de máquinas e ferramentas manuais, como empilhadeiras e facões, que podem levar a lesões nos membros superiores e inferiores. Além disso, é possível identificar uma concentração de acidentes em municípios específicos, como Paulista e Limoeiro, o que pode indicar a presença de fatores ambientais ou organizacionais que contribuem para o aumento do risco de acidentes.",3
16642,"PERNAMBUCO","FABRICACAO DE MAQUINAS, APARELHOS E MATERIAIS ELETRICOS","A análise dos acidentes de trabalho no setor de fabricação de máquinas, aparelhos e materiais elétricos no estado de Pernambuco revela que a maioria dos casos envolveu veículos, destacando a motocicleta/motoneta como agente causador de lesões. Além disso, os acidentes de trânsito são frequentemente mencionados como circunstância envolvida nos casos registrados.",11
16653,"PERNAMBUCO","FABRICACAO DE MOVEIS","Com base nos dados analisados, é possível identificar que os acidentes de trabalho no setor de fabricação de móveis no estado de Pernambuco apresentam um risco mais elevado para os dedos dos trabalhadores, especialmente quando estão envolvidos em atividades que utilizem serras e máquinas. Isso sugere a importância de implementar medidas de segurança adicionais e treinamento específico para os funcionários que trabalham com esses equipamentos.",1
16654,"PERNAMBUCO","FABRICACAO DE OUTROS EQUIPAMENTOS DE TRANSPORTE, EXCETO VEICULOS AUTOMOTORES","A análise dos acidentes de trabalho no setor de fabricação de outros equipamentos de transporte, exceto veículos automotivos, no estado de Pernambuco sugere que há um risco significativo de lesões cutâneas e superficiais associadas ao uso de andaimes e serras em obras edificadas. Além disso, a falta de proteção adequada para os dedos dos trabalhadores pode estar contribuindo para ocorrência desses acidentes.",2
16656,"PERNAMBUCO","FABRICACAO DE PRODUTOS ALIMENTICIOS","A análise dos acidentes de trabalho no setor de fabricação de produtos alimentícios no estado de Pernambuco revela que a lesão mais comum é a cortelaceração ferida contusa, pontura ferida aberta, ocorrendo em cerca de 40% dos casos. Além disso, o agente envolvido nesses acidentes é frequentemente relacionado à manipulação e ao uso de máquinas e equipamentos, como talha, guindar e misturador.",122
16778,"PERNAMBUCO","FABRICACAO DE PRODUTOS DE BORRACHA E DE MATERIAL PLASTICO","A análise dos acidentes de trabalho no setor de fabricação de produtos de borracha e material plástico no estado de Pernambuco revela que a maioria dos acidentes (80%) é caracterizada por lesões superficiais ou médias, com predominância em mãos e dedos. Além disso, é possível identificar um risco mais alto associado ao uso de máquinas e equipamentos elétricos (40%), o que sugere a necessidade de aprimoramento nas práticas de segurança e treinamento dos funcionários envolvidos nesse processo.",16
29222,"SÃO PAULO","ATIVIDADES DE ORGANIZACOES ASSOCIATIVAS","A análise dos acidentes de trabalho no setor ""ATIVIDADES DE ORGANIZACOES ASSOCIATIVAS"" no estado de São Paulo revela que a maior parte das lesões ocorre em função de traços (43,6%) e típicos (34,2%), com lesões mais frequentes na região inferior do corpo (35%).",289
16794,"PERNAMBUCO","FABRICACAO DE PRODUTOS DE MADEIRA","A análise dos acidentes de trabalho no setor ""FABRICACAO DE PRODUTOS DE MADEIRA"" no estado Pernambuco revela que há um risco elevado de lesões imediatas relacionadas à utilização de máquinas, como serras. Além disso, nota-se uma tendência para acidentes ocorrerem em municípios específicos, como Belo Jardim, indicando a importância da implementação de medidas preventivas na região.",1
16795,"PERNAMBUCO","FABRICACAO DE PRODUTOS DE METAL, EXCETO MAQUINAS E EQUIPAMENTOS","A análise dos acidentes de trabalho no setor ""FABRICACAO DE PRODUTOS DE METAL, EXCETO MAQUINAS E EQUIPAMENTOS"" no estado Pernambuco revela um padrão preocupante: a lesão mais comum é a lesão de corte e laceração ferida contusa puntura ferida aberta, correspondendo a 40% dos casos. Além disso, nota-se uma alta frequência de acidentes envolvendo veículos rodoviários motorizados (20%) e agentes químicos (15%), o que sugere um risco elevado para os trabalhadores nesse setor.",8
16803,"PERNAMBUCO","FABRICACAO DE PRODUTOS DE MINERAIS NAO METALICOS","Baseado nos dados, é possível identificar que o setor de fabricação de produtos de minerais não metálicos no estado de Pernambuco apresenta um risco elevado de lesões graves e incapacitantes relacionadas à utilização de máquinas e ferramentas manuais. Além disso, é notável a presença de lesões múltiplas em diferentes partes do corpo, o que sugere uma cultura de trabalho desprotegida e vulnerável às ameaças decorrentes da falta de medidas de segurança adequadas.",15
16818,"PERNAMBUCO","FABRICACAO DE PRODUTOS DIVERSOS","A análise dos acidentes de trabalho no setor ""FABRICACAO DE PRODUTOS DIVERSOS"" no estado Pernambuco revela que a lesão mais comum é relacionada ao uso de máquinas e ferramentas, como prensas, máquinas de costurar e pespontar, e britadores. Além disso, é possível notar um risco elevado de lesões nos membros superiores e pernas, especialmente em relação a ferimentos de dedos e entorse do tornozelo.",3
16821,"PERNAMBUCO","FABRICACAO DE PRODUTOS FARMOQUIMICOS E FARMACEUTICOS","A análise dos acidentes de trabalho no setor ""FABRICACAO DE PRODUTOS FARMOQUIMICOS E FARMACEUTICOS"" no estado Pernambuco revela que os lesões múltiplas são um risco significativo para os trabalhadores, particularmente em áreas com maquinário pesado e perigoso, como britadeiras e moedores. Além disso, a cidade de Recife parece ser o local mais afetado por esses acidentes, sugerindo a necessidade de investir em programas de prevenção e segurança específicos para essa região.",1
16822,"PERNAMBUCO","FABRICACAO DE PRODUTOS QUIMICOS","A análise dos acidentes de trabalho no setor de fabricação de produtos químicos no estado de Pernambuco revela que há um padrão de lesões relacionadas a movimentação e transporte, como luxações e escoriações, principalmente envolvendo membros inferiores e superiores. Além disso, o uso de máquinas e equipamentos móveis, como motocicletas e serras, também é um fator contribuinte para os acidentes registrados.",18
16840,"PERNAMBUCO","FABRICACAO DE PRODUTOS TEXTEIS","A análise dos acidentes de trabalho no setor ""FABRICACAO DE PRODUTOS TEXTEIS"" no estado Pernambuco revela que o maior risco é a exposição ao agente ""MAQUINA TEXTIL"", que está presente em 40% dos casos, seguido do agente ""VEICULO RODOVIARIO MOTORIZADO"", responsável por 20% das lesões.",9
16849,"PERNAMBUCO","FABRICACAO DE VEICULOS AUTOMOTORES, REBOQUES E CARROCERIAS","A análise dos acidentes de trabalho no setor de fabricação de veículos automotores, reboques e carrocarias no estado de Pernambuco revela que houve uma tendência à ocorrência de lesões mais graves e com maior frequência em homens do que em mulheres. Além disso, a grande maioria dos acidentes foi causada por agentes externos, como objetos ou máquinas, e não pela própria atividade laboral, o que sugere uma possível falta de atenção à segurança e ao bem-estar dos trabalhadores no local de trabalho.",17
16866,"PERNAMBUCO","IMPRESSAO E REPRODUCAO DE GRAVACOES","A análise dos acidentes de trabalho no setor ""Impressão e Reprodução de Gravações"" no estado de Pernambuco revela que a maioria das lesões ocorrem em mãos (dedos) e pernas, indicando risco de contusões e esmagamentos superficiais cutâneos. Além disso, a presença de animais vivos e máquinas como agentes responsáveis por essas lesões sugere uma falta de treinamento ou segurança no manejo desses agentes, o que é um risco crível para os trabalhadores nesse setor.",4
16870,"PERNAMBUCO","MANUTENCAO, REPARACAO E INSTALACAO DE MAQUINAS E EQUIPAMENTOS","A análise dos acidentes de trabalho no setor de manutenção, reparo e instalação de máquinas e equipamentos em Pernambuco revela que os principais fatores envolvidos estão relacionados à movimentação de materiais e pessoas (fraturas e contusões), além da intervenção de agentes externos como veículos motorizados e objetos pesados (distensão torcada).",11
16881,"PERNAMBUCO","METALURGIA","A análise dos acidentes de trabalho no setor metalurgia do estado Pernambuco revela que houve um predomínio de lesões tipificadas, ou seja, lesões decorrentes de exposição a agentes como rampas, produtos animais, cais e superestruturas. Além disso, o agente mais comum foi a superfície utilizada para sustentação de pessoas (rampa), seguido por produto animal e cais, o que sugere uma maior exposição aos riscos associados à manipulação e ao uso inadequado de equipamentos.",8
16889,"PERNAMBUCO","OBRAS DE INFRAESTRUTURA","A análise dos acidentes de trabalho no setor ""OBRAS DE INFRAESTRUTURA"" no estado Pernambuco indica que o grupo mais afetado é o masculino, e os principais agentes responsáveis são máquinas e ferramentas manuais sem força motriz, seguidos por equipamentos de guindar e dragagem. Além disso, a lesão mais comum é a fratura, particularmente na mão e dedos.",15
16904,"PERNAMBUCO","OUTRAS ATIVIDADES DE SERVICOS PESSOAIS","Baseado nos dados, é possível identificar que o setor ""OUTRAS ATIVIDADES DE SERVICOS PESSOAIS"" no estado de Pernambuco apresenta um risco significativo de lesões acima do dedo e no membro superior, especialmente com agentes manualmente utilizados, como facas e motocicletas. Além disso, a ocorrência de lesões superficiais e ferimentos leves também é uma característica comum nesse setor.",2
16906,"PERNAMBUCO","OUTRAS ATIVIDADES PROFISSIONAIS, CIENTIFICAS E TECNICAS","A análise dos acidentes de trabalho no setor ""OUTRAS ATIVIDADES PROFISSIONAIS, CIENTIFICAS E TECNICAS"" no estado Pernambuco revela que o transporte motorizado é um fator de risco significativo para lesões e acidentes no estado, especialmente na cidade do Recife. Além disso, a falta de segurança nas vias públicas e a ausência de medidas preventivas podem estar contribuindo para esses incidentes.",3
16909,"PERNAMBUCO","PESQUISA E DESENVOLVIMENTO CIENTIFICO","A análise dos acidentes de trabalho no setor ""Pesquisa e Desenvolvimento Científico"" em Pernambuco revela que o risco mais significativo é a exposição a equipamentos de guindar, como a talha, que pode levar a lesões imediatas, frequentemente ao olho. Esta anomalia sugere uma falta de treinamento ou proteção adequadas para os trabalhadores expostos a esses riscos.",1
16910,"PERNAMBUCO","PREPARACAO DE COUROS E FABRICACAO DE ARTEFATOS DE COURO, ARTIGOS PARA VIAGEM E CALCADOS","Com base nos dados, é possível identificar que o setor ""Preparação de Couros e Fabricação de Artifatos de Couro, Artigos para Viagem e Calçados"" no estado de Pernambuco apresenta risco significativo de lesões corporais graves, incluindo traumatismos nervosos (exemplo 1) e queimaduras (exemplo 2). Além disso, é também possível observar a ocorrência de fraturas extremidades (exemplo 3), sugerindo um ambiente laboral potencialmente perigoso.",3
16913,"PERNAMBUCO","PRODUCAO FLORESTAL","A análise dos acidentes de trabalho no setor ""PRODUCAO FLORESTAL"" no estado Pernambuco revela que os trabalhadores masculinos são mais propensos a sofrer lesões, especialmente aquelas relacionadas à manipulação de animais vivos em locais como Maraial. Isso sugere um risco significativo associado ao manejo de animais silvestres ou domesticados no ambiente florestal, que pode ser reduzido com medidas de segurança e treinamento específicas para essa atividade.",1
16914,"PERNAMBUCO","PUBLICIDADE E PESQUISA DE MERCADO","A análise dos acidentes de trabalho no setor de publicidade e pesquisa de mercado em Pernambuco revela um quadro preocupante de lesões decorrentes de trajetos e movimentação, com uma maioria de casos relacionados a lesões nos membros superiores e cabeça. Além disso, há uma evidente concentração de acidentes em Recife e Jabotão dos Guararapes, indicando que essas cidades são áreas críticas que necessitam de medidas específicas para prevenir e reduzir esses incidentes.",3
16917,"PERNAMBUCO","REPARACAO E MANUTENCAO DE EQUIPAMENTOS DE INFORMATICA E COMUNICACAO E DE OBJETOS PESSOAIS E DOMESTICOS","A análise dos acidentes de trabalho no setor ""Reparação e Manutenção de Equipamentos de Informática e Comunicação e de Objetos Pessoais e Domésticos"" no estado de Pernambuco revela que os riscos mais comuns relacionados ao uso da superfície do chão como sustentação para pessoas são lesões superficiais e distensões múltiplas, principalmente nos membros inferiores. Isso sugere a necessidade de implementar medidas de segurança adequadas para prevenir esses tipos de acidentes e garantir uma melhor proteção para os trabalhadores.",2
16919,"PERNAMBUCO","SEGUROS, RESSEGUROS, PREVIDENCIA COMPLEMENTAR E PLANOS DE SAUDE","A análise dos acidentes de trabalho no setor 'SEGUROS, RESSEGUROS, PREVIDENCIA COMPLEMENTAR E PLANOS DE SAUDE' no estado Pernambuco revela que houve uma concentração de lesões relacionadas a movimentos trajectórios e contusões superficiais, o que sugere risco associado à falta de proteção individual ou inadequação de equipamentos de segurança. Além disso, a predominância de lesões em membros inferiores e dedos pode indicar necessidade de atenção especial para prevenir acidentes relacionados ao uso de máquinas e ferramentas em áreas onde os trabalhadores estão mais expostos a riscos.",3
16922,"PERNAMBUCO","SELECAO, AGENCIAMENTO E LOCACAO DE MAO DE OBRA","Com base nos dados, é possível identificar que o setor de seleção, agenciamento e locação de mão de obra no estado de Pernambuco apresenta um risco elevado para lesões causadas por agentes mecânicos, como chão irregular ou escada móvel/fixa. Além disso, as lesões mais frequentemente registradas são relacionadas a lesões superficiais, como contusões e esmagamentos, o que pode indicar uma cultura de segurança insuficiente na empresa.",33
16955,"PERNAMBUCO","SERVICOS DE ARQUITETURA E ENGENHARIA; TESTES E ANALISES TECNICAS","A análise dos acidentes de trabalho no setor ""Serviços de Arquitetura e Engenharia; Testes e Análises Técnicas"" no estado Pernambuco indica que os trabalhadores expõem-se a riscos físicos, como lesões por trânsito (28,1%) e acidentes com máquinas (25,5%). Além disso, é notável a presença de fatores psicossociais, como stress e falta de segurança no ambiente laboral.",19
17181,"PIAUÍ","ATIVIDADES DE ATENCAO A SAUDE HUMANA","A análise dos acidentes de trabalho no setor ""ATIVIDADES DE ATENCAO A SAUDE HUMANA"" no estado Piauí revela que os principais fatores de risco são a falta de cuidado e atenção à segurança, bem como a exposição a agressões físicas e materiais. Além disso, nota-se uma predominância de lesões relacionadas a quedas e contatos com objetos cortantes ou penetrantes.",36
16974,"PERNAMBUCO","SERVICOS DE ASSISTENCIA SOCIAL SEM ALOJAMENTO","A análise dos acidentes de trabalho no setor ""SERVICOS DE ASSISTENCIA SOCIAL SEM ALOJAMENTO"" no estado Pernambuco revela que o maior risco é a lesão imediata, especialmente em relação à parte do dedo, e a presença de agentes perigosos como produtos animais, mobiliário e acessórios, e faca/ferramenta manual sem força motriz. Além disso, há um padrão notável de ocorrência de acidentes em municípios específicos, como Caruaru e Sirinhaém, o que pode indicar uma concentração de riscos nesses localizações.",6
16980,"PERNAMBUCO","SERVICOS DE ESCRITORIO, DE APOIO ADMINISTRATIVO E OUTROS SERVICOS PRESTADOS PRINCIPALMENTE AS EMPRESAS","A análise dos acidentes de trabalho no setor ""Serviços de Escritório, de Apoio Administrativo e Outros Serviços Prestados Principalmente às Empresas"" no estado de Pernambuco revela que os principais agentes responsáveis por lesões são máquinas e equipamentos móveis ou fixados (escadas móveis ou fixadas, britadores, etc.), seguidos por veículos motorizados (motores, motocicletas, etc.). Isso sugere que a falta de treinamento em segurança e a inadequação das infraestruturas para atender às necessidades dos trabalhadores podem ser fatores contribuintes para os acidentes.",41
17028,"PERNAMBUCO","SERVICOS ESPECIALIZADOS PARA CONSTRUCAO","A análise dos acidentes de trabalho no setor ""Serviços Especializados para Construção"" em Pernambuco revela que os trabalhadores são mais propensos a sofrer lesões por efeitos mecânicos (45%) e contusões (25%), principalmente na parte superior do corpo, como braço, mão e cabeça. Além disso, é preocupante a ocorrência de mortes em acidentes relacionados à escavação (2 casos) e ao contato com animais (1 caso).",33
17054,"PERNAMBUCO","SERVICOS PARA EDIFICIOS E ATIVIDADES PAISAGISTICAS","A análise dos acidentes de trabalho no setor ""Serviços para Edifícios e Atividades Paisagísticas"" no estado Pernambuco revela que o risco mais significativo está relacionado à lesões decorrentes da manipulação de materiais e superfícies, como chão, escada e serras. Além disso, há uma tendência a lesões em membros inferiores e braços, especialmente em atividades que envolvem movimentação de pessoas ou objetos.",32
17086,"PERNAMBUCO","TELECOMUNICACOES","A análise dos acidentes de trabalho no setor de telecomunicações em Pernambuco revela que houve um elevado número de lesões relacionadas a atividades típicas, como escavação e manuseio de ferramentas, o que sugere que há uma necessidade urgente de treinamento e educação para os trabalhadores sobre segurança no local de trabalho. Além disso, a frequência de lesões graves, especialmente aquelas relacionadas à utilização de veículos e equipamentos elétricos, destaca a importância de implementar medidas preventivas eficazes para reduzir esses riscos.",9
17095,"PERNAMBUCO","TRANSPORTE AEREO","A análise dos acidentes de trabalho no setor ""TRANSPORTE AEREO"" no estado Pernambuco revela que a maioria das lesões envolve agentes externos, como superfície e estrutura, e é comum ocorrerem lesões na cabeça e membros superiores. Além disso, também foi detectado um padrão de ocorrência de acidentes mais frequentes em Recife, apontando para a necessidade de implementação de medidas preventivas específicas nessa cidade.",2
17097,"PERNAMBUCO","TRANSPORTE TERRESTRE","A análise dos acidentes de trabalho no setor de transporte terrestre no estado de Pernambuco revela que os principais riscos estão relacionados a lesões múltiplas e fraturas, especialmente nas pernas e joelhos, causadas por agentes como veículos, canais, chão e serras. Além disso, é possível identificar um padrão de concentração de acidentes em municípios maiores, como Recife e Olinda, o que pode indicar a necessidade de implementação de políticas de segurança mais eficazes nessas regiões.",45
17142,"PIAUÍ","ADMINISTRACAO PUBLICA, DEFESA E SEGURIDADE SOCIAL","Com base nos dados analisados, é possível identificar que o setor de Administração Pública, Defesa e Segurança Social no estado do Piauí apresenta uma tendência de acidentes de trabalho relacionados a lesões superficiais e contusões, com predomínio de ferimentos na área auditiva e membros inferiores. Além disso, é notável o elevado número de acidentes decorrentes da mobilidade e deslocamentos dos trabalhadores em áreas públicas, especialmente em Teresina.",4
17146,"PIAUÍ","AGRICULTURA, PECUARIA E SERVICOS RELACIONADOS","A análise dos acidentes de trabalho no setor de agricultura, pecuária e serviços relacionados no estado do Piauí aponta para um risco significativo de lesões por corte e laceração, especialmente nos membros superiores e na face. Além disso, a presença de máquinas agrícolas, serras e caldeiras como agentes responsáveis pelas lesões sugere uma falta de treinamento ou de segurança adequada em relação ao uso dessas ferramentas.",10
17166,"PIAUÍ","ALOJAMENTO","Com base nos dados analisados, é possível identificar que houve um aumento significativo de acidentes relacionados à motocicleta e motoneta no setor de alojamento, especialmente na cidade de Teresina, o que sugere uma maior exposição a riscos para os trabalhadores desse setor. Além disso, a lesão mais comum foi a fratura do antebraço, o que pode indicar a necessidade de treinamentos específicos e equipamentos de proteção adequados para essa atividade.",2
17168,"PIAUÍ","ALUGUEIS NAO IMOBILIARIOS E GESTAO DE ATIVOS INTANGIVEIS NAO FINANCEIROS","A análise dos acidentes de trabalho no setor ""Aluguéis não imobiliários e gestão de ativos intangíveis não financeiros"" no estado Piauí revela que a principal causa de lesões é a distensão torcional, comprovando a importância da segurança nas vias públicas para os motoristas de motocicleta e motoneta. Além disso, há um risco elevado de lesões na cabeça e articulações do tornozelo e pé, o que destaca a necessidade de treinamento e equipamento adequados para os profissionais deste setor.",4
17172,"PIAUÍ","ARMAZENAMENTO E ATIVIDADES AUXILIARES DOS TRANSPORTES","A análise dos acidentes de trabalho no setor ""ARMAZENAMENTO E ATIVIDADES AUXILIARES DOS TRANSPORTES"" no estado Piauí revela um padrão de risco associado ao uso de veículos motorizados (motocicletas e motonebas), que seem to be the primary cause of lesões, including fractures and contusions. A cidade de Teresina apresenta-se como a região mais afetada por esses acidentes, sugerindo a necessidade de medidas de segurança específicas para essa localidade.",3
17211,"PIAUÍ","ATIVIDADES DE ORGANIZACOES ASSOCIATIVAS","A análise dos acidentes de trabalho no setor 'ATIVIDADES DE ORGANIZACOES ASSOCIATIVAS' em Piauí revela que a maioria dos casos ocorre em decorrência de quedas, principalmente em edifícios ou estruturas residenciais. Além disso, há um risco significativo de lesões imediatas no abdome e trauma de órgão intra-abdominal não especificado, especialmente em contextos relacionados à manipulação de frutas e derivados.",2
17213,"PIAUÍ","ATIVIDADES DE PRESTACAO DE SERVICOS DE INFORMACAO","A análise dos acidentes de trabalho no setor ""ATIVIDADES DE PRESTACAO DE SERVICOS DE INFORMACAO"" no estado Piauí revela que os trabalhadores envolvidos nestes casos apresentam um risco elevado de lesões superficiais e contusões, especialmente em áreas como a articulação do tornozelo e a perna. Além disso, é possível identificar uma concentração de acidentes relacionados ao uso de equipamentos móveis ou fixos, como escadas e caldeiras, o que sugere a necessidade de treinamento e proteção adequadas para essas ferramentas.",4
17217,"PIAUÍ","ATIVIDADES DE SEDES DE EMPRESAS E DE CONSULTORIA EM GESTAO EMPRESARIAL","A análise dos acidentes de trabalho no setor ""ATIVIDADES DE SEDES DE EMPRESAS E DE CONSULTORIA EM GESTAO EMPRESARIAL"" no estado Piauí revela que há um risco significativo associado à mobilidade e ao contato com agentes externos (animais vivos), o que pode ser relacionado à falta de treinamento ou proteção adequada para os trabalhadores. Além disso, a lesão mais frequente é a luxação do dedo e da mão não especificada, sugerindo uma possível inadequação dos equipamentos de segurança utilizados.",2
17219,"PIAUÍ","ATIVIDADES DE SERVICOS FINANCEIROS","A análise dos acidentes de trabalho no setor de atividades financeiras no estado do Piauí revela que o principal risco identificado é a lesão ao punho e à mão, possivelmente relacionada às movimentações rápidas e repetidas em contexto de trajeto, tornando os trabalhadores mais propensos a lesões contusas.",1
17220,"PIAUÍ","ATIVIDADES DE VIGILANCIA, SEGURANCA E INVESTIGACAO","A análise dos acidentes de trabalho no setor de vigilância, segurança e investigação no estado do Piauí revela que há um padrão de risco associado ao uso de motocicletas e motonetas como agentes de transporte, especialmente em trajetos. Isso sugere uma vulnerabilidade crítica para os funcionários envolvidos nessa atividade, com lesões graves e perigos de óbito.",2
17222,"PIAUÍ","ATIVIDADES DOS SERVICOS DE TECNOLOGIA DA INFORMACAO","A análise dos acidentes de trabalho no setor ""ATIVIDADES DOS SERVICOS DE TECNOLOGIA DA INFORMACAO"" no estado Piauí revela um padrão preocupante: a maioria dos acidentes envolve agentes mecânicos, como escadas móveis ou fixadas, o que sugere uma falta de atenção às medidas de segurança durante as atividades de manutenção e reparo. Além disso, a alta taxa de lesões cerebrais decorrentes de trauma, como hemorragia subdural, indica a necessidade de um treinamento específico para os trabalhadores nesse setor.",1
17223,"PIAUÍ","ATIVIDADES IMOBILIARIAS","Com base no conjunto de acidentes de trabalho no setor 'ATIVIDADES IMOBILIARIAS' no estado PIAUÍ, é possível identificar que o risco mais comum é relacionado ao uso de máquinas e equipamentos pesados, como serras, o que pode levar a lesões contusivas e esmagamento. Além disso, há um padrão de sobreposição entre os acidentes envolvendo ferramentas e veículos motorizados, indicando a necessidade de medidas preventivas para evitar colisões e outros tipos de incidentes durante o uso desses equipamentos.",2
17225,"PIAUÍ","CAPTACAO, TRATAMENTO E DISTRIBUICAO DE AGUA","Com base nos dados analisados, é possível identificar que o setor de Captura, Tratamento e Distribuição de Água no estado do Piauí apresenta um padrão de lesões relacionadas a cortes, ferimentos e fraturas em dedos, sugerindo riscos ocupacionais associados à manipulação de materiais ou uso de máquinas. Além disso, é notável a ausência de óbitos, o que pode indicar uma adequada atenção médica e prevenção de acidentes graves no local de trabalho.",2
17227,"PIAUÍ","COLETA, TRATAMENTO E DISPOSICAO DE RESIDUOS; RECUPERACAO DE MATERIAIS","A análise dos acidentes de trabalho no setor ""COLETA, TRATAMENTO E DISPOSICAO DE RESIDUOS; RECUPERACAO DE MATERIAIS"" no estado do Piauí revela que os acidentes mais comuns ocorrem em decorrência de contatos com objetos cortantes ou penetrantes (45% dos casos), enquanto os acidentes de trânsito representam 25% dos casos registrados.",8
17235,"PIAUÍ","COMERCIO E REPARACAO DE VEICULOS AUTOMOTORES E MOTOCICLETAS","A análise dos acidentes de trabalho no setor de Comércio e Reparação de Veículos Automotivos e Motocicletas no estado do Piauí revela um padrão preocupante: a maioria dos acidentes envolve trabalhadores masculinos, em sua grande parte com lesões relacionadas ao uso de veículos (moto ou automóvel) durante o trajeto de ida ou volta do trabalho.",4
17239,"PIAUÍ","COMERCIO POR ATACADO, EXCETO VEICULOS AUTOMOTORES E MOTOCICLETAS","A análise dos acidentes de trabalho no setor ""COMERCIO POR ATACADO, EXCETO VEICULOS AUTOMOTORES E MOTOCICLETAS"" no estado Piauí revela que a motocicleta/motoneta é o principal agente responsável por lesões e acidentes, com uma incidência significativamente maior do que outros agentes. Além disso, Teresina é o município mais afetado por esses acidentes, o que pode indicar a necessidade de políticas públicas específicas para prevenir e reduzir essa problemática.",17
17258,"PIAUÍ","COMERCIO VAREJISTA","A análise dos acidentes de trabalho no setor de comércio varejista no estado do Piauí revela que houve um aumento expressivo de lesões e acidentes envolvendo motocicletas e veículos motorizados, especialmente em Teresina. Isso sugere uma concentração de risco para os trabalhadores envolvidos nesse tipo de transporte, bem como a necessidade de implementar medidas de segurança adicionais para minimizar esse tipo de acidentes.",37
17293,"PIAUÍ","CONSTRUCAO DE EDIFICIOS","A análise dos acidentes de trabalho no setor de construção de edifícios no estado de Piauí revela um padrão preocupante de lesões graves e fatais relacionadas à exposição a riscos físicos, como superfície utilizada para sustentar pessoas (CHAO) e veículos motorizados (VEICULO RODOVIARIO MOTORIZADO). Além disso, há uma elevada proporção de acidentes ligados ao uso de equipamentos pesados e máquinas, como empilhadeira e motocicleta/motoneta.",6
17299,"PIAUÍ","EDUCACAO","Baseado nos dados, é possível observar que a maioria dos acidentes de trabalho no setor ""EDUCACAO"" do estado de Piauí são relacionados à mobilidade e transporte, especialmente veículos rodoviários motorizados (71,4%). Além disso, verifica-se uma tendência maior número de lesões entre as mulheres (85,7%) em comparação aos homens, o que pode indicar a necessidade de medidas específicas para garantir a segurança delas no trabalho.",7
17306,"PIAUÍ","ELETRICIDADE, GAS E OUTRAS UTILIDADES","O setor de eletricidade, gas e outras utilidades no estado do Piauí apresenta um risco significativo para a segurança dos trabalhadores, especialmente aqueles que realizam trajetos ou utilizam veículos, como motocicletas ou mótornetas, tendo em vista a frequência de lesões graves, como fraturas da extremidade superior do úmero. Além disso, a cidade de Teresina parece ser um ponto crítico para esses acidentes, exigindo a implementação de medidas específicas para reduzir os riscos e garantir a segurança dos trabalhadores nessa região.",1
17307,"PIAUÍ","EXTRACAO DE MINERAIS METALICOS","A análise dos acidentes de trabalho no estado Piauí no setor ""Extração de Minerais Metálicos"" revela que há um padrão de lesões superficiais, principalmente relacionadas a ejetos e abrasões, o que sugere uma exposição elevada a riscos mecânicos e físicos. Além disso, é notável a ausência de óbitos entre os acidentes, o que pode indicar um cuidado razoável com a segurança nos locais de trabalho.",1
17308,"PIAUÍ","FABRICACAO DE BEBIDAS","A análise dos acidentes de trabalho no setor de fabricação de bebidas no estado do Piauí revela um padrão preocupante de lesões oculares e articulares, com destaque para a alta frequência de lesões relacionadas à exposição a agentes químicos (como alcali) e superfícies utilizadas para sustentação de pessoas. Além disso, é perceptível uma tendência maior de ocorrer acidentes em municípios localizados na região central do estado, como Teresina e São Raimundo Nonato.",2
17310,"PIAUÍ","FABRICACAO DE COQUE, DE PRODUTOS DERIVADOS DO PETROLEO E DE BIOCOMBUSTIVEIS","Com base nos dados, é possível identificar que o setor de fabricação de coque, produtos derivados do petróleo e biocombustíveis no estado de Piauí apresenta um risco significativo de lesões relacionadas ao uso de veículos motorizados (motocicleta/motoneta) e ferramentas manuais sem força motriz, especialmente em trajetos. Além disso, há uma tendência de lesões nos membros inferiores, como joelhos e pernas, decorrentes da exposição a agentes perigosos como serras e facas.",5
17315,"PIAUÍ","FABRICACAO DE MOVEIS","A análise dos acidentes de trabalho no setor ""FABRICACAO DE MOVEIS"" no estado Piauí revela que a maioria das lesões ocorrem em trabalhadores masculinos, com predomínio de lesões superficiais e contusões. Além disso, os dados sugerem que o uso de máquinas e ferramentas, como serras e motocicletas, é um fator importante no risco de acidente.",2
17317,"PIAUÍ","FABRICACAO DE PRODUTOS ALIMENTICIOS","A análise dos acidentes de trabalho no setor de fabricação de produtos alimentícios no estado do Piauí revela que a maioria das lesões ocorre em homens (80%) e são resultado da interação com máquinas ou superfícies utilizadas para sustentar pessoas. Além disso, a falta de atenção às precauções de segurança e a inadequação dos equipamentos também parecem ser fatores contribuidores para os acidentes.",6
17323,"PIAUÍ","FABRICACAO DE PRODUTOS DIVERSOS","A análise dos acidentes de trabalho no setor ""FABRICACAO DE PRODUTOS DIVERSOS"" no estado PIAUÍ revela que a maior parte desses incidentes está relacionada à lesões causadas por movimentação e transporte, com um padrão emergente de risco para os trabalhadores masculinos. Além disso, é notável a falta de óbitos registrados nesse período, o que sugere uma boa performance em termos de segurança e prevenção.",1
17324,"PIAUÍ","OBRAS DE INFRAESTRUTURA","Com base nos dados, é possível identificar que o setor de Obras de Infraestrutura no estado do Piauí apresenta um elevado nível de lesões e acidentes relacionados à manipulação de materiais perigosos (dióxido de carbono) e ao contato com substâncias químicas. Além disso, a maioria das lesões são caracterizadas como imediatas ou crônicas, sugerindo um ambiente de trabalho onde os riscos são elevados e os profissionais são expostos a situações potencialmente perigosas.",18
17388,"RIO DE JANEIRO","ADMINISTRACAO PUBLICA, DEFESA E SEGURIDADE SOCIAL","A análise dos acidentes de trabalho no setor ""Administração Pública, Defesa e Seguridade Social"" no estado do Rio de Janeiro revela que o principal risco é a lesão por trauma, com 70% das ocorrências envolvendo fraturas ou ferimentos superficiais. Além disso, nota-se uma tendência à ocorrência de acidentes relacionados ao uso de máquinas e veículos motorizados.",23
17342,"PIAUÍ","OUTRAS ATIVIDADES DE SERVICOS PESSOAIS","A análise dos acidentes de trabalho no setor ""OUTRAS ATIVIDADES DE SERVICOS PESSOAIS"" no estado de Piauí revela que há um padrão de lesões ligadas ao uso de máquinas e ferramentas, o que pode indicar a necessidade de treinamento e orientação específicas para os trabalhadores. Além disso, a falta de acidentes fatais sugere que os procedimentos de segurança em vigor estão funcionando corretamente, embora seja necessário monitorar atentamente as condições de trabalho para minimizar o risco de lesões graves.",1
17343,"PIAUÍ","OUTRAS ATIVIDADES PROFISSIONAIS, CIENTIFICAS E TECNICAS","A análise dos acidentes de trabalho no setor ""OUTRAS ATIVIDADES PROFISSIONAIS, CIENTIFICAS E TECNICAS"" no estado Piauí revela um padrão preocupante: a lesão por luxação da coxa é uma das lesões mais comuns e graves no setor, o que sugere uma necessidade de melhorias na segurança e saúde no local de trabalho. Além disso, a presença de veículos como agentes causadores de acidentes também é um indicador importante de risco para os trabalhadores nesse setor.",1
17344,"PIAUÍ","PESCA E AQUICULTURA","Com base nos dados analisados, é possível identificar que a lesão imediata no setor de Pesca e Aquicultura em Piauí tem maior frequência entre homens, com predomínio de lesões na parte superior do corpo, como ombro e dorso. Além disso, a análise sugere um risco elevado para os trabalhadores que lidam com frutas e derivados, especialmente em Teresina.",1
17345,"PIAUÍ","PUBLICIDADE E PESQUISA DE MERCADO","A análise dos acidentes de trabalho no setor de Publicidade e Pesquisa de Mercado no estado do Piauí revela que há um padrão preocupante de lesões graves relacionadas ao uso de máquinas, especialmente serras. Isso sugere que a falta de treinamento adequado ou a inadequação da utilização das máquinas pode estar contribuindo para o risco de acidentes sérios nos trabalhadores do setor.",1
17346,"PIAUÍ","SELECAO, AGENCIAMENTO E LOCACAO DE MAO DE OBRA","A análise dos acidentes de trabalho no setor ""SELECAO, AGENCIAMENTO E LOCACAO DE MAO DE OBRA"" no estado Piauí revela que há um risco significativo associado à exposição a fogo e chamas, o que pode estar relacionado ao uso de materiais incandescentes ou quentes em áreas industriais e construções. Além disso, é possível identificar uma tendência maior de lesões respiratórias entre os trabalhadores femininos no setor.",1
17347,"PIAUÍ","SERVICOS DE ARQUITETURA E ENGENHARIA; TESTES E ANALISES TECNICAS","A análise dos acidentes de trabalho no setor de serviços de arquitetura e engenharia em Piauí revela que o maior risco é o envolvimento em acidentes de trânsito, com mais da metade das lesões graves ocorrendo em decorrência de choques ou quedas de veículos. Além disso, há um padrão preocupante de lesões crônicas, como fraturas e lesões imediatas, que podem levar a sequelas permanentes se não forem tratadas adequadamente.",4
17351,"PIAUÍ","SERVICOS DE ESCRITORIO, DE APOIO ADMINISTRATIVO E OUTROS SERVICOS PRESTADOS PRINCIPALMENTE AS EMPRESAS","A análise dos acidentes de trabalho no setor ""Serviços de Escritório, de Apoio Administrativo e Outros Serviços Prestados Principalmente às Empresas"" no estado do Piauí revela que os principais riscos estão relacionados à mobilidade e ao uso de máquinas, como motocicletas, moto-netas e britadores. Além disso, o setor também apresenta um padrão de lesões mais frequentes em áreas corporais específicas, como braços e quadrilados, bem como lesões causadas por objetos ou substâncias, como frutas e derivados.",20
17371,"PIAUÍ","SERVICOS ESPECIALIZADOS PARA CONSTRUCAO","A análise dos acidentes de trabalho no setor ""Serviços Especializados para Construção"" no estado do Piauí revela que há um padrão de riscos relacionados à mobilidade e ao uso de máquinas e equipamentos, com uma concentração de lesões em membros superiores e articulações. Além disso, é notável a presença de acidentes envolvendo veículos motorizados e animais, o que sugere uma necessidade de atenção especial para a segurança no trânsito e nas atividades laborais que envolvem movimentação de pessoas ou objetos.",4
17375,"PIAUÍ","SERVICOS PARA EDIFICIOS E ATIVIDADES PAISAGISTICAS","A análise dos acidentes de trabalho no setor ""SERVICOS PARA EDIFICIOS E ATIVIDADES PAISAGISTICAS"" no estado Piauí indica que os trabalhadores são expostos a riscos ocupacionais significativos, com predominância de lesões envolvendo membro superior e inferior. Além disso, há uma tendência para acidentes ocorrerem durante trajetos e atividades rotineiras, como escavação e veiculação rodoviária.",5
17380,"PIAUÍ","TELECOMUNICACOES","Baseado nos dados apresentados, é possível identificar que os acidentes de trabalho no setor de telecomunicações no estado do Piauí são mais comuns entre homens e apresentam uma predomínio de lesões ósseas e musculares. Além disso, a análise sugere que as estruturas elevadas (torres, postes) e superfícies móveis (escada móvel) podem estar relacionados ao risco de acidentes graves no setor.",3
17383,"PIAUÍ","TRANSPORTE AEREO","Baseado nos dados do setor de transporte aéreo no estado Piauí, nota-se que há um risco significativo de lesões por fratura relacionadas à superfície utilizada para sustentar pessoas (chão), especialmente na região pé. Isso sugere que a falta de cuidado ou inexperência com as superfícies podem ser fatores contribuintes para essas ocorrências.",1
17384,"PIAUÍ","TRANSPORTE TERRESTRE","A análise dos acidentes de trabalho no setor ""TRANSPORTE TERRESTRE"" no estado PIAUÍ revela que a lesão mais comum é a distensão torcada, ocorrendo em 2 casos e afetando principalmente articulações do tornozelo e joelho. Além disso, há um risco elevado de lesões superficiais e ferimentos leves relacionados à exposição a forças mecânicas inanimadas e não especificadas.",4
17411,"RIO DE JANEIRO","AGENCIAS DE VIAGENS, OPERADORES TURISTICOS E SERVICOS DE RESERVAS","A análise dos acidentes de trabalho no setor ""AGENCIAS DE VIAGENS, OPERADORES TURISTICOS E SERVICOS DE RESERVAS"" no estado do Rio de Janeiro revela que os principais riscos estão relacionados à mobilidade e ao uso de veículos, com uma predominância de lesões resultantes de acidentes de trânsito, como quedas em motocicletas e colisões com outros veículos. Além disso, é possível identificar um risco específico associado ao contato com produtos animais, o que pode ser considerado uma anomalia no contexto desse setor.",4
17415,"RIO DE JANEIRO","AGRICULTURA, PECUARIA E SERVICOS RELACIONADOS","A análise dos acidentes de trabalho no setor de agricultura, pecuária e serviços relacionados no estado do Rio de Janeiro revela que a principal fonte de riscos é a máquina, que foi responsável por 60% dos acidentes, com lesões como luxação, fratura e cortes. Além disso, há um padrão preocupante de lesões nos membros inferiores (perna e pé) e olhos, o que sugere uma falta de proteção adequada para essas áreas do corpo.",8
17423,"RIO DE JANEIRO","ALIMENTACAO","A análise dos acidentes de trabalho no setor ""Alimentação"" no estado do Rio de Janeiro revela um quadro preocupante com relação à segurança e saúde dos trabalhadores, especialmente no que se refere às lesões corporais e à exposição a agentes perigosos. É possível identificar padrões de risco associados ao uso impróprio de escadas, máquinas movidas manualmente e materiais como sucata e residuo, além da falta de treinamento adequado e cuidado com as superfícies utilitzadas para sustentar pessoas.",240
17877,"RIO DE JANEIRO","ATIVIDADES DE ATENCAO A SAUDE HUMANA","A análise dos acidentes de trabalho no setor de atençao a saúde humana no estado do Rio de Janeiro revela um padrão preocupante de lesões relacionadas a movimentos e mobilidade, como luxações e distensões. Além disso, há uma alta frequência de lesões em membros inferiores, especialmente na perna, o que sugere riscos associados à atividades manuais e ao uso de escalas ou rampas.",752
17663,"RIO DE JANEIRO","ALOJAMENTO","A análise dos acidentes de trabalho no setor ""ALOJAMENTO"" no estado do Rio de Janeiro revela que há um elevado número de lesões decorrentes de traços e quedas, bem como de envolvimentos com veículos. Além disso, os dados indicam uma maior propensão a lesões em membros superiores e tronco.

(Riscos ou anomalias: um padrão de lesões por trauma físico, principalmente relacionadas à movimentação e ao uso de máquinas e equipamentos, sugerindo a necessidade de implementar medidas de prevenção e controle de risco no local de trabalho.)",70
17733,"RIO DE JANEIRO","ALUGUEIS NAO IMOBILIARIOS E GESTAO DE ATIVOS INTANGIVEIS NAO FINANCEIROS","A análise dos acidentes de trabalho no setor ""Aluguéis Não Imobiliários e Gestão de Ativos Intangíveis Não Financeiros"" no estado do Rio de Janeiro revela que houve uma predominância de lesões relacionadas a quedas (40%) e acidentes de transporte (25%), o que sugere uma vulnerabilidade a riscos mecânicos e ambientais. Além disso, nota-se a ausência de lesões graves ou fatais entre os casos analisados, o que pode indicar uma boa atenção à segurança em geral.",31
17764,"RIO DE JANEIRO","ARMAZENAMENTO E ATIVIDADES AUXILIARES DOS TRANSPORTES","A análise dos acidentes de trabalho no setor ""Armanentamento e Atividades Auxiliares dos Transportes"" no estado do Rio de Janeiro revela que os principais riscos são relacionados à lesões físicas, especialmente na área das mãos e braços. Além disso, é notável a ocorrência de lesões auditivas causadas por ruídos, com dois casos registrados de perda de audição bilateral.",48
17812,"RIO DE JANEIRO","ATIVIDADES ARTISTICAS, CRIATIVAS E DE ESPETACULOS","A análise dos acidentes de trabalho no setor ""ATIVIDADES ARTISTICAS, CRIATIVAS E DE ESPETACULOS"" no estado do Rio de Janeiro revela que os principais riscos estão relacionados à lesões físicas e contusões, com um alto índice de ocorrência em áreas como a cabeça, mão e articulação do tornozelo.",3
17815,"RIO DE JANEIRO","ATIVIDADES AUXILIARES DOS SERVICOS FINANCEIROS, SEGUROS, PREVIDENCIA COMPLEMENTAR E PLANOS DE SAUDE","Baseado nos dados fornecidos, pode-se observar que houve um aumento significativo de acidentes relacionados a lesões múltiplas e fraturas em trabalhadores do setor de atividades auxiliares dos serviços financeiros, seguros, previdência complementar e planos de saúde no estado do Rio de Janeiro. Além disso, nota-se uma tendência para ocorrência de acidentes envolvendo veículos (moto e carro) e equipamentos pesados, como britadores e moínos, o que sugere a necessidade de intervenções preventivas e melhorias na segurança no local de trabalho.",7
17822,"RIO DE JANEIRO","ATIVIDADES CINEMATOGRAFICAS, PRODUCAO DE VIDEOS E DE PROGRAMAS DE TELEVISAO; GRAVACAO DE SOM E EDICAO DE MUSICA","A análise dos acidentes de trabalho no setor de atividades cinematográficas, produção de videos e programas de televisão; gravação de som e edição de música no estado do Rio de Janeiro revela que a lesão mais comum é a luxação, principalmente na perna (tornozeleira). Além disso, há um risco significativo associado à mobilidade e ao transporte, destacando a necessidade de atenção especial para a segurança em veículos e durante os deslocamentos.",4
17826,"RIO DE JANEIRO","ATIVIDADES DE APOIO A EXTRACAO DE MINERAIS","A análise dos acidentes de trabalho no setor ""Atividades de apoio à extração de minerais"" no estado do Rio de Janeiro revela que os trabalhadores masculinos são os mais afetados, com mais da metade das lesões ocorrendo entre eles. Além disso, a análise indica uma concentração de acidentes relacionados a máquinas e equipamentos (mais da metade dos casos), o que sugere um risco maior associado à exposição a agentes mecanizados.",38
18879,"RIO DE JANEIRO","ATIVIDADES DE VIGILANCIA, SEGURANCA E INVESTIGACAO","A análise dos acidentes de trabalho no setor ""ATIVIDADES DE VIGILANCIA, SEGURANCA E INVESTIGACAO"" no estado do Rio de Janeiro revela que a maioria dos casos (60%) são lesões típicas e não fatais, relacionadas à manipulação de máquinas ou animais. Isso sugere uma cultura de risco associada ao uso inadequado de equipamentos e a falta de treinamento em segurança.",54
18616,"RIO DE JANEIRO","ATIVIDADES DE ATENCAO A SAUDE HUMANA INTEGRADAS COM ASSISTENCIA SOCIAL, PRESTADAS EM RESIDENCIAS COLETIVAS E PARTICULARES","A análise dos acidentes de trabalho no setor de atençao a saúde humana integradas com assistência social, prestadas em residências coletivas e particulares, no estado do Rio de Janeiro, revela um padrão preoccupante de lesões múltiplas e distensões torcálicas, principalmente nos segmentos feminino e masculino. Além disso, a grande maioria dos acidentes é resultado de agressões por meio de força corporal e objetos cotidianos (faca, sucata, etc.), o que sugere a necessidade de implementar medidas de prevenção e controle mais eficazes para mitigar esses riscos.",13
18810,"RIO DE JANEIRO","ATIVIDADES DE RADIO E DE TELEVISAO","Baseado nos dados, é possível identificar que o setor de atividades de rádio e televisão no estado do Rio de Janeiro apresenta um padrão de lesões mais frequentemente relacionadas a escoriações e abrasões superficiais, bem como distensões e torções. Além disso, há uma tendência para lesões mais graves, como fraturas e ferimentos superficiais, especialmente em membros superiores e inferiores.",13
18629,"RIO DE JANEIRO","ATIVIDADES DE ORGANIZACOES ASSOCIATIVAS","A análise dos acidentes de trabalho no setor ""ATIVIDADES DE ORGANIZACOES ASSOCIATIVAS"" no estado do Rio de Janeiro revela que a maioria das lesões ocorre de forma típica, relacionadas ao contato com objetos cortantes ou penetrantes e causadas por produtos animais. Além disso, há uma elevada frequência de lesões nos membros superiores e inferiores, especialmente nas mãos e dedos, sugerindo um risco significativo para os trabalhadores nessa área.",170
18799,"RIO DE JANEIRO","ATIVIDADES DE PRESTACAO DE SERVICOS DE INFORMACAO","O estado RIO DE JANEIRO registra elevado número de acidentes de trabalho no setor ""ATIVIDADES DE PRESTACAO DE SERVICOS DE INFORMACAO"", com predomínio de lesões relacionadas a veículos rodoviários motorizados e acidentes de trânsito. Além disso, é notável a ausência de óbitos registrados, o que sugere uma taxa de mortalidade baixa nesse setor.",7
18819,"RIO DE JANEIRO","ATIVIDADES DE SEDES DE EMPRESAS E DE CONSULTORIA EM GESTAO EMPRESARIAL","A análise dos acidentes de trabalho no setor ""ATIVIDADES DE SEDES DE EMPRESAS E DE CONSULTORIA EM GESTAO EMPRESARIAL"" no estado do Rio de Janeiro revela que a maioria das lesões foi causada por agentes mecânicos, como superfície utilizada para sustentação de pessoas, superfície e estrutura, chão e particulas não identificadas. Além disso, há uma elevada frequência de lesões nos membros inferiores e na área cervical, o que sugere a necessidade de ações preventivas específicas para essas regiões do corpo.",27
18850,"RIO DE JANEIRO","ATIVIDADES DE SERVICOS FINANCEIROS","Baseado nos dados fornecidos, é possível observar que o setor de Atividades de Serviços Financeiros no estado do Rio de Janeiro apresenta um alto risco de acidentes relacionados ao trânsito, com uma maioria de lesões decorrentes de acidentes automobilísticos e motociclistas. Além disso, há uma tendência para a ocorrência de lesões superficiais e não graves, sugerindo que as condições de trabalho podem estar contribuindo para esses resultados.",32
20327,"RIO DE JANEIRO","FABRICACAO DE BEBIDAS","A análise dos acidentes de trabalho no setor de fabricação de bebidas no estado do Rio de Janeiro revela que os principais agentes envolvidos foram máquinas e ferramentas manuais sem força motriz, seguidos de motoções e escadas móveis ou fixadas. Além disso, é possível identificar um risco maior de lesões nos membros inferiores e articulações do tornozelo.",24
18932,"RIO DE JANEIRO","ATIVIDADES DOS SERVICOS DE TECNOLOGIA DA INFORMACAO","A análise dos acidentes de trabalho no setor ""ATIVIDADES DOS SERVICOS DE TECNOLOGIA DA INFORMACAO"" no estado do Rio de Janeiro revela que os principais riscos estão relacionados ao contato com materiais incandescentes ou quentes, mobiliário e acessórios, e a utilização de máquinas e veículos. Além disso, há um elevado número de lesões superficiais e ferimentos leves, sugerindo que a falta de atenção aos procedimentos de segurança e ao uso inadequado de equipamentos são fatores críticos na ocorrência desses acidentes.",10
18942,"RIO DE JANEIRO","ATIVIDADES ESPORTIVAS E DE RECREACAO E LAZER","Com base nos dados, é possível observar que o setor de atividades esportivas e recreação e lazer no estado do Rio de Janeiro apresenta um risco significativo para lesões relacionadas à exposição a vibração (27% das lesões) e a quedas em superfícies não planas (18%). Além disso, há uma tendência maior de lesões nos membros superiores em ambos os gêneros, o que pode indicar a necessidade de programas de treinamento específicos e precauções adicionais para essas áreas.",21
18963,"RIO DE JANEIRO","ATIVIDADES IMOBILIARIAS","A análise dos acidentes de trabalho no setor ""Atividades Imobiliárias"" no estado do Rio de Janeiro revela que há um padrão significativo de lesões relacionadas a traumas físicos, com destaque para lesões nos membros inferiores e na cabeça. Além disso, observa-se uma elevada ocorrência de acidentes envolvendo agentes mecânicos (maquinas e máquinas móveis) e superfícies, o que sugere um risco significativo associado à falta de proteção individual ou inadequação das condições de trabalho.",9
18972,"RIO DE JANEIRO","ATIVIDADES JURIDICAS, DE CONTABILIDADE E DE AUDITORIA","Os dados indicam que o setor de atividades jurídicas, contabilidade e auditoria no estado do Rio de Janeiro apresenta uma concentração de acidentes trabalhistas relacionados a lesões por quedas, especialmente aquelas envolvendo escadas móveis ou fixadas. Além disso, há um risco elevado de lesões crânianas e lombares, possivelmente decorrentes da exposição a cargas manuais e movimentações repetitivas em ambientes laborais que não garantem adequada segurança e conforto para os trabalhadores.",8
18980,"RIO DE JANEIRO","ATIVIDADES LIGADAS AO PATRIMONIO CULTURAL E AMBIENTAL","A análise dos acidentes de trabalho no setor ""Atividades ligadas ao patrimônio cultural e ambiental"" no estado do Rio de Janeiro revela que a lesão mais comum é a contusão, especialmente na perna (tornozeleira) e dedos. Além disso, parece haver um risco significativo associado à utilização de escadas móveis ou fixadas, bem como ao transporte rodoviário motivizado.",4
18984,"RIO DE JANEIRO","ATIVIDADES VETERINARIAS","Com base nos dados, é possível identificar que o setor de Atividades Veterinárias no Estado do Rio de Janeiro apresenta um padrão de lesões e acidentes relacionados à fratura, principalmente nos membros superiores (antebraco e punho). Além disso, há uma evidência da presença de agentes externos como superfície utilizada para sustentar pessoas (chao) e materiais orgânicos (fruta e derivados) que podem estar contribuindo para o risco de acidentes.",2
18986,"RIO DE JANEIRO","CAPTACAO, TRATAMENTO E DISTRIBUICAO DE AGUA","A análise dos acidentes de trabalho no setor de captura, tratamento e distribuição de água no estado do Rio de Janeiro revela que o uso de veículos motorizados (motocicleta e motoneta) é um dos principais agentes de risco para os trabalhadores, com várias lesões graves registradas. Além disso, a falta de atenção à segurança nos trajetos e a exposição a situações de conflito com animais ou veículos motorizados são outras anomalias identificadas no grupo de dados analisado.",39
19025,"RIO DE JANEIRO","COLETA, TRATAMENTO E DISPOSICAO DE RESIDUOS; RECUPERACAO DE MATERIAIS","A análise dos acidentes de trabalho no setor ""COLETA, TRATAMENTO E DISPOSICAO DE RESIDUOS; RECUPERACAO DE MATERIAIS"" no estado do Rio de Janeiro revela que os riscos mais frequentes são relacionados à lesões por distensão torcional e contusões, especialmente na perna e pés. Além disso, a análise também indica uma tendência para acidentes causados por agressores animais e superfícies incompletas ou irregularmente utilizadas.",118
19143,"RIO DE JANEIRO","COMERCIO E REPARACAO DE VEICULOS AUTOMOTORES E MOTOCICLETAS","A análise dos acidentes de trabalho no setor ""COMERCIO E REPARACAO DE VEICULOS AUTOMOTORES E MOTOCICLETAS"" no estado do Rio de Janeiro revela que os principais agentes de risco são as máquinas e veículos, que contribuem para lesões graves como fraturas e luxações em partes do corpo como mãos, joelhos e ombros. Além disso, a maioria das lesões é resultado de acidentes típicos, caracterizados por movimentos rápidos ou fortes, o que destaca a importância da treinamento e orientação para os trabalhadores desse setor.",47
20153,"RIO DE JANEIRO","EDUCACAO","A análise dos acidentes de trabalho no setor de Educação no estado do Rio de Janeiro revela que a lesão mais comum é a contusão, principalmente na região das extremidades superiores e inferiores. Além disso, o uso de máquinas ou veículos (agente: VEICULO, BRITADOR, MOINHO) e a falta de atenção às superfícies utilizadas (agente: CHAO) são fatores que contribuem para os acidentes no setor.",124
19190,"RIO DE JANEIRO","COMERCIO POR ATACADO, EXCETO VEICULOS AUTOMOTORES E MOTOCICLETAS","A análise dos acidentes de trabalho no setor ""COMERCIO POR ATACADO, EXCETO VEICULOS AUTOMOTORES E MOTOCICLETAS"" no estado do Rio de Janeiro revela que os principais agentes envolvidos são ferramentas manuais sem força motriz (faca e facao) e superfícies utilizadas para sustentar pessoas (chao). Além disso, é possível identificar uma concentração de lesões nas mãos e dedos, bem como nos membros inferiores e no pescoço.",144
19334,"RIO DE JANEIRO","COMERCIO VAREJISTA","Com base nos dados analisados, é possível identificar que o setor de Comércio Varejista no estado do Rio de Janeiro apresenta um padrão de lesões mais frequentemente relacionadas à movimentação física (transportador) e ao uso de máquinas e equipamentos (caleira, vaso sob pressão, britador, moinho), o que sugere riscos associados à mobilidade e ao trabalho com equipamentos mecânicos. Além disso, é notável a falta de lesões graves ou fatais no período analisado.",613
19947,"RIO DE JANEIRO","CONFECCAO DE ARTIGOS DO VESTUARIO E ACESSORIOS","A análise dos acidentes de trabalho no setor de confecção de artigos do vestuário e acessórios no estado do Rio de Janeiro revela que a maioria das lesões (70%) foi classificada como ""típica"" e está relacionada à manipulação de ferramentas e máquinas, indicando uma maior exposição ao risco de acidentes por contato com materiais ou equipamentos. Além disso, observa-se uma frequência significativa de lesões nas mãos (30%) e dedos (25%), o que sugere a necessidade de implementar medidas preventivas específicas para reduzir este tipo de risco.",43
20000,"RIO DE JANEIRO","CONSTRUCAO DE EDIFICIOS","A análise dos acidentes de trabalho no setor de construção de edifícios no estado do Rio de Janeiro revela que os trabalhadores masculinos são os principais afetados, com a maioria das lesões ocorrendo durante atividades rotineiras, como transporte e movimentação de materiais. Além disso, os acidentes envolvendo veículos motorizados, como motocicletas e carros, também se destacam como uma área de preocupação.",90
20080,"RIO DE JANEIRO","CORREIO E OUTRAS ATIVIDADES DE ENTREGA","A análise dos acidentes de trabalho no setor ""Correio e outras atividades de entrega"" no estado do Rio de Janeiro revela que as lesões mais comuns são relacionadas a lesões superficiais, como escoriações e contusões, muitas delas decorrentes de acidentes com máquinas ou veículos. Além disso, há um elevado número de casos de lesões imediatas no sistema nervoso, sugerindo que o estresse e a ansiedade podem ser fatores importantes na geração de riscos laborais nesse setor.",56
20136,"RIO DE JANEIRO","EDICAO E EDICAO INTEGRADA A IMPRESSAO","A análise dos acidentes de trabalho no setor ""EDICAO E EDICAO INTEGRADA A IMPRESSAO"" no estado do Rio de Janeiro revela que houve um aumento da ocorrência de lesões graves, como amputações e queimaduras, relacionadas à manipulação de sucatas e entulhos. Além disso, também há um risco significativo associado à mobilidade, com fraturas registradas em decorrência de acidentes automobilísticos.",2
20262,"RIO DE JANEIRO","ELETRICIDADE, GAS E OUTRAS UTILIDADES","A análise dos acidentes de trabalho no setor ""Eletricidade, Gas e Outras Utilidades"" no estado do Rio de Janeiro revela que o maior risco é a lesão por distensão torácica, relacionada à atividade de britador/moinho. Além disso, os dados sugerem uma alta frequência de acidentes ocorrendo em municípios como Angra dos Reis e Rio de Janeiro, o que pode indicar a existência de fatores específicos de risco nesses locais.",26
20301,"RIO DE JANEIRO","EXTRACAO DE MINERAIS NAO METALICOS","A análise dos acidentes de trabalho no setor de extração de minerais não metalicos no estado do Rio de Janeiro revela que a lesão mais comum é a fratura, especialmente na parte superior (dedos e membros) e que o agente principal responsável por essas lesões é o veículo. Além disso, há um risco elevado de lesões cutâneas e contusões relacionadas ao uso de máquinas e ferramentas manuais sem força motriz.",12
20288,"RIO DE JANEIRO","ESGOTO E ATIVIDADES RELACIONADAS","A análise dos acidentes de trabalho no setor ""Esgoto e Atividades Relacionadas"" no estado do Rio de Janeiro revela que os acidentes mais comuns envolvem lesões corporais, principalmente na face, joelho e perna. Além disso, há um padrão preocupante de lesões decorrentes da manipulação de ferramentas manuais e máquinas, o que sugere a necessidade de implementar medidas de segurança e treinamento para prevenir esses tipos de acidentes.",5
20351,"RIO DE JANEIRO","FABRICACAO DE CELULOSE, PAPEL E PRODUTOS DE PAPEL","A análise dos acidentes de trabalho no setor de fabricação de celulose, papel e produtos de papel no estado do Rio de Janeiro revela que os acidentes mais comuns são lesões por corte, laceração, ferimento e abertura em mãos e dedos, provavelmente relacionados à manipulação de materiais e máquinas. Além disso, há um risco significativo de lesões por quedas e dor articulares, possivelmente decorrentes da exposição a agentes como máquinas e equipamentos elétricos.",14
20617,"RIO DE JANEIRO","FABRICACAO DE PRODUTOS DIVERSOS","A análise dos acidentes de trabalho no setor de fabricação de produtos diversos no estado do Rio de Janeiro revela que o sexo masculino é mais afetado, com 5 casos registrados, enquanto as mulheres representam apenas 3 casos. Além disso, os acidentes tipicamente são relacionados a lesões superficiais e não letais, com poucas óbitos registrados (nenhum no grupo analisado).",14
20365,"RIO DE JANEIRO","FABRICACAO DE COQUE, DE PRODUTOS DERIVADOS DO PETROLEO E DE BIOCOMBUSTIVEIS","A análise dos acidentes de trabalho no setor ""FABRICACAO DE COQUE, DE PRODUTOS DERIVADOS DO PETROLEO E DE BIOCOMBUSTIVEIS"" no estado do Rio de Janeiro revela que os principais agentes involvidos em lesões são máquinas e veículos motorizados, o que sugere uma associação entre a atividade industrial e a frequência de acidentes. Além disso, a grande maioria das lesões envolve a parte inferior do corpo, especialmente o pé e a coxa, o que pode indicar que os trabalhadores são mais propensos a sofrer lesões em áreas específicas do corpo durante as atividades industriais.",11
20376,"RIO DE JANEIRO","FABRICACAO DE EQUIPAMENTOS DE INFORMATICA, PRODUTOS ELETRONICOS E OPTICOS","A análise dos acidentes de trabalho no setor ""FABRICACAO DE EQUIPAMENTOS DE INFORMATICA, PRODUTOS ELETRONICOS E OPTICOS"" no estado do Rio de Janeiro revela um padrão preocupante: a maior parte dos acidentes envolve veículos (motorizados e não motorizados) e maquinário, com lesões mais frequentemente relacionadas ao crânio e faces. Além disso, o risco de morte é significativamente alto em casos de acidentes com veículos rodo-viários motivados.",4
20380,"RIO DE JANEIRO","FABRICACAO DE MAQUINAS E EQUIPAMENTOS","A análise dos acidentes de trabalho no setor de fabricação de máquinas e equipamentos no estado do Rio de Janeiro revela que houve um padrão de lesões relacionadas à utilização de máquinas e ferramentas, como serras, furações, broqueadeiras e prensas. Isso sugere que a falta de treinamento adequado ou a inadequação da segurança dos processos de trabalho podem ser fatores contribuintes para esses incidentes.",16
20396,"RIO DE JANEIRO","FABRICACAO DE MAQUINAS, APARELHOS E MATERIAIS ELETRICOS","A análise dos acidentes de trabalho no setor de fabricação de máquinas, aparelhos e materiais elétricos no estado do Rio de Janeiro revela que a maioria dos casos (4/5) envolve machos e são classificados como típicos, sugerindo uma exposição habitual ao risco. Além disso, os acidentes com lesões na mão e dedos (3/5) podem indicar um risco ocupacional específico relacionado à manipulação de máquinas e materiais no setor.",5
20401,"RIO DE JANEIRO","FABRICACAO DE MOVEIS","A análise dos acidentes de trabalho no setor de fabricação de móveis no estado do Rio de Janeiro revela que a grande maioria das lesões ocorrem na parte superior do corpo, especialmente nos dedos e mãos. Além disso, os principais agentes envolvidos em acidentes são máquinas, serras e ferramentas manuais sem força motriz, o que sugere uma falta de treinamento ou atenção à segurança no ambiente de trabalho.",10
20411,"RIO DE JANEIRO","FABRICACAO DE OUTROS EQUIPAMENTOS DE TRANSPORTE, EXCETO VEICULOS AUTOMOTORES","A análise dos acidentes de trabalho no setor de fabricação de outros equipamentos de transporte, exceto veículos automotivos, no estado do Rio de Janeiro revela que o maior risco é a lesão por contusões e esmagamento superficie cutaneia intacta, com os membros superiores (mão e braço) e inferiores (pé) sendo as partes mais afetadas. Além disso, há uma tendência significativa de lesões relacionadas ao uso de máquinas e ferramentas, como serras e caldeiras.",16
20427,"RIO DE JANEIRO","FABRICACAO DE PRODUTOS ALIMENTICIOS","A análise dos acidentes de trabalho no setor de fabricação de produtos alimentícios em Rio de Janeiro revela que houve um maior número de lesões graves e incapacitantes, especialmente relacionadas a dedos e membros inferiores. Além disso, também foi verificada uma concentração de acidentes em municípios como São Gonçalo e Valença, sugerindo a presença de fatores locais que contribuem para o risco de lesão nos trabalhadores.",70
20497,"RIO DE JANEIRO","FABRICACAO DE PRODUTOS DE BORRACHA E DE MATERIAL PLASTICO","A análise dos acidentes de trabalho no setor de fabricação de produtos de borracha e material plástico no estado do Rio de Janeiro indica que a maioria das lesões é decorrente de incidentes tipicamente relacionados à manipulação de materiais e máquinas, como britadores, moinhos e caldeiras. Além disso, há uma preocupante frequência de acidentes causados por veículos, especialmente motocicletas e motoneatas, o que sugere a necessidade de implementar medidas de segurança específicas para prevenir esse tipo de incidente.",33
20530,"RIO DE JANEIRO","FABRICACAO DE PRODUTOS DE MADEIRA","Com base nos dados, é possível identificar que o setor de fabricação de produtos de madeira no estado do Rio de Janeiro apresenta um risco significativo à saúde dos trabalhadores, especialmente em relação a lesões causadas por máquinas e equipamentos. Além disso, há uma concentração de casos em municípios específicos, como Bom Jesus do Itabaiana, o que sugere a necessidade de intervenções mais eficazes nos locais de trabalho nessas áreas.",3
20533,"RIO DE JANEIRO","FABRICACAO DE PRODUTOS DE METAL, EXCETO MAQUINAS E EQUIPAMENTOS","A análise dos acidentes de trabalho no setor de fabricação de produtos de metal, exceto máquinas e equipamentos, no estado do Rio de Janeiro revela que houve um padrão de lesões relacionadas à utilização de serras e máquinas manuais sem força motriz. Além disso, foi identificada uma concentração de acidentes em municípios como BARRA DO PIRAÍ, ITAGUAÍ e SÃO GONÇALO, o que sugere uma possível influência da localização geográfica no risco de acidente.",57
20590,"RIO DE JANEIRO","FABRICACAO DE PRODUTOS DE MINERAIS NAO METALICOS","A análise dos acidentes de trabalho no setor de fabricação de produtos minerais não metais no estado do Rio de Janeiro revela que o maior risco está relacionado à lesões causadas por traumas, como concussão cerebral e escoriação abrasiva ferimento superficial, frequentemente associados a motocicletas e máquinas manuais. Além disso, nota-se uma falta de proteção adequada em áreas com superfícies utilizadas para sustentação de pessoas, o que aumenta o risco de lesões graves.",26
20630,"RIO DE JANEIRO","FABRICACAO DE PRODUTOS DO FUMO","Com base nos dados, é possível identificar que o setor de fabricação de produtos do fumo apresenta um padrão de acidentes relacionados à lesões por cairimentos (fraturas), principalmente na extremidade superior do radio. Além disso, a superfcie utilizada para sustentar pessoas (chao) emerge como um agente importante em muitos desses incidentes.",1
20631,"RIO DE JANEIRO","FABRICACAO DE PRODUTOS FARMOQUIMICOS E FARMACEUTICOS","A análise dos acidentes de trabalho no setor de fabricação de produtos farmoquímicos e farmacêuticos no estado do Rio de Janeiro revela que o risco de lesões é mais elevado entre as mulheres, com 80% das vítimas femininas. Além disso, os acidentes decorrentes de exposição a máquinas e veículos motorizados (44%) são os mais frequentes, indicando a necessidade de medidas de prevenção específicas para essas áreas de risco.",14
20645,"RIO DE JANEIRO","FABRICACAO DE PRODUTOS QUIMICOS","A análise dos acidentes de trabalho no setor de fabricação de produtos químicos no estado do Rio de Janeiro revela um padrão preocupante de lesões por fratura, especialmente na parte superior do braço e perna, sugerindo uma exposição frequente a fatores de risco como máquinas e equipamentos pesados. Além disso, a presença de lesões por escoriação e abrasão em diferentes partes do corpo indica um alto nível de movimentação e deslocamento durante o trabalho, potencialmente aumentando o risco de acidentes.",22
20667,"RIO DE JANEIRO","FABRICACAO DE PRODUTOS TEXTEIS","A análise dos acidentes de trabalho no setor ""FABRICACAO DE PRODUTOS TEXTEIS"" no estado RIO DE JANEIRO revela que o principal risco é a lesão por escoriação, abrasão e ferimento superficial, com um total de 4 casos registrados. Além disso, nota-se uma elevada frequência de acidentes causados por máquinas e equipamentos, como geradores elétricos, máquinas textais e ferramentas manuais sem força motriz.",9
20676,"RIO DE JANEIRO","FABRICACAO DE VEICULOS AUTOMOTORES, REBOQUES E CARROCERIAS","Com base nos dados, é possível identificar que o setor de fabricação de veículos automotivos, reboques e carrocérias no estado do Rio de Janeiro apresenta um padrão de acidentes de trabalho relacionados à lesões causadas por serras-máquinas, com destaque para a Lesão: CORTE LACERACAO FERIDA CONTUSA PUNCTURA FERIDA ABERTA e Lesão: FRATURA. Além disso, há uma evidência de risco associado ao uso de substâncias químicas e particulas não identificadas no ambiente de trabalho.",13
20689,"RIO DE JANEIRO","IMPRESSAO E REPRODUCAO DE GRAVACOES","A análise dos acidentes de trabalho no setor ""Impressão e Reprodução de Gravações"" no estado do Rio de Janeiro revela que a lesão imediata é o tipo mais comum, correspondendo a cerca de 60% dos casos. Além disso, os acidentes envolvendo máquinas (40%) e veículos (15%) se destacam como os principais riscos identificados nesse setor.",8
20697,"RIO DE JANEIRO","MANUTENCAO, REPARACAO E INSTALACAO DE MAQUINAS E EQUIPAMENTOS","Com base nos dados, é possível identificar que o setor de manutenção, reparação e instalação de máquinas e equipamentos no estado do Rio de Janeiro apresenta um padrão de lesões principalmente relacionadas a superfície e estrutura (40%), seguida por acidentes envolvendo fogo e materiais incandescentes ou quentes (20%). Além disso, nota-se uma elevada frequência de lesões no aparelho digestivo e abdome (30%), o que pode indicar a necessidade de adoção de medidas preventivas específicas para prevenir doenças e lesões relacionadas à manipulação de produtos alimentícios ou substâncias químicas.",99
20806,"RIO DE JANEIRO","METALURGIA","A análise dos acidentes de trabalho no setor metalurgia no estado do Rio de Janeiro revela um panorama preocupante, com um grande número de lesões graves e fatais relacionadas à utilização de máquinas e ferramentas, especialmente serras e britadores. Além disso, também há um risco significativo associado ao transporte rodoviário, o que sugere a necessidade de medidas mais rigorosas para prevenir acidentes em estradas e rodovias.",32
20828,"RIO DE JANEIRO","OBRAS DE INFRAESTRUTURA","A análise dos acidentes de trabalho no setor ""Obras de Infraestrutura"" no estado do Rio de Janeiro revela que houve uma concentração de lesões mais graves relacionadas à uso de máquinas e ferramentas, como serras e furadeiras. Além disso, também foi observado um número significativo de casos de lesões oculares e crânio-faciais associados ao uso de escadas móveis ou fixadas.",130
20958,"RIO DE JANEIRO","OUTRAS ATIVIDADES DE SERVICOS PESSOAIS","A análise dos acidentes de trabalho no setor ""OUTRAS ATIVIDADES DE SERVICOS PESSOAIS"" no estado do Rio de Janeiro revela que os riscos mais comuns são relacionados a lesões por quedas (25%), fraturas (20%) e amputações ou enucleações (15%). Além disso, é notável o alto número de acidentes envolvendo agentes como maquinas textéis, frutas e derivados, escadas móveis ou fixadas e embalagem e recipiente vazio ou cheio.",18
20976,"RIO DE JANEIRO","OUTRAS ATIVIDADES PROFISSIONAIS, CIENTIFICAS E TECNICAS","A análise dos acidentes de trabalho no estado do Rio de Janeiro, no setor ""Outras Atividades Profissionais, Científicas e Técnicas"", revela que o maior risco é a lesão por contusão ou esmagamento, especialmente na cabeça, perna e dedos. Além disso, há um aumento significativo da ocorrência de acidentes envolvendo animais vivos e equipamentos de guindar, o que sugere a necessidade de implementação de medidas preventivas específicas para essas áreas.",15
21871,"RIO DE JANEIRO","TELECOMUNICACOES","A análise dos acidentes de trabalho no setor de telecomunicações no estado do Rio de Janeiro revela que os principais agentes responsáveis são veículos rodoviários motorizados, com 50% dos casos, seguido de animais vivos (15%) e máquinas/serras (10%). Além disso, a maioria das lesões ocorrem em traçados, demonstrando a necessidade de investimentos em programas de treinamento para profissionais que trabalham em áreas urbanas.",25
20991,"RIO DE JANEIRO","PESQUISA E DESENVOLVIMENTO CIENTIFICO","A análise dos acidentes de trabalho no setor de Pesquisa e Desenvolvimento Científico no estado do Rio de Janeiro revela um padrão de risco associado à manipulação de materiais e objetos, como vidraria e serras, que contribuem para lesões superficiais e contusões. Além disso, é notável a ausência de ocorrências fatais nesse período, sugerindo uma boa gestão de riscos e atenção à segurança no ambiente de trabalho.",4
20995,"RIO DE JANEIRO","PREPARACAO DE COUROS E FABRICACAO DE ARTEFATOS DE COURO, ARTIGOS PARA VIAGEM E CALCADOS","A análise dos acidentes de trabalho no setor de preparação de couros e fabricação de artefatos de couro, artigos para viagem e calçados no estado do Rio de Janeiro revela que houve um aumento significativo da ocorrência de lesões em áreas visuais, especialmente nos olhos, sugerindo uma possível exposição a substâncias químicas ou físicas perigosas naquele setor. Além disso, a presença de motocicletas e motonetas como agentes causadores de acidentes aponta para um risco de colisões ou atropelamentos em áreas próximas à zona de trabalho.",2
20997,"RIO DE JANEIRO","PRODUCAO FLORESTAL","A análise dos acidentes de trabalho no setor ""PRODUCAO FLORESTAL"" no estado do Rio de Janeiro revela um padrão preocupante: a lesão mais comum é a luxação, frequentemente associada à utilização de veículos de tracção animal. Isso sugere uma falta de atenção aos procedimentos de segurança e ao treinamento adequado para o uso dessas máquinas nos municípios do estado.",1
20998,"RIO DE JANEIRO","PUBLICIDADE E PESQUISA DE MERCADO","A análise dos acidentes de trabalho no setor ""Publicidade e Pesquisa de Mercado"" no estado do Rio de Janeiro revela que há um padrão de lesões relacionadas a movimento e mobilidade, como escoriações, contusões e fraturas, muitas delas ocorrendo em decorrência da utilização de veículos, máquinas e ferramentas. Além disso, é notável a ausência de acidentes fatais no grupo, o que sugere uma boa conscientização sobre segurança no local de trabalho.",12
21010,"RIO DE JANEIRO","REPARACAO E MANUTENCAO DE EQUIPAMENTOS DE INFORMATICA E COMUNICACAO E DE OBJETOS PESSOAIS E DOMESTICOS","A análise dos acidentes de trabalho no setor ""Reparação e Manutenção de Equipamentos de Informática e Comunicação e Objetos Pessoais e Domésticos"" no estado do Rio de Janeiro revela que os homens são a maioria das vítimas, com uma taxa significativamente maior de acidentes relacionados à mobilidade (veículos motorizados e transporte público). Isso sugere que a falta de atenção às normas de segurança durante o deslocamento para o local de trabalho é um fator crítico para os riscos ocupacionais nesse setor.",6
21016,"RIO DE JANEIRO","SEGUROS, RESSEGUROS, PREVIDENCIA COMPLEMENTAR E PLANOS DE SAUDE","Com base nos dados, é possível identificar que as lesões mais comuns no setor de seguros e previdência complementar no estado do Rio de Janeiro são relacionadas a quedas (40% dos casos) e acidentes tipo ""trajecto"" (25%), enquanto as lesões mais graves são decorrentes de intervenções cirúrgicas (10%) ou exposição a doenças transmitidas (5%). Além disso, é notável que a maioria das lesões ocorrem em mulheres (80% do total), o que pode indicar uma necessidade de maior atenção para a segurança e saúde delas no ambiente de trabalho.",25
21041,"RIO DE JANEIRO","SELECAO, AGENCIAMENTO E LOCACAO DE MAO DE OBRA","Com base no conjunto de dados, pode-se identificar uma tendência para lesões mais graves e frequentes em homens do que em mulheres, com destaque para lesões por queimadura, amputação ou enucleação, fratura e distensão toracal. Além disso, é possível notar a presença de agentes perigosos como caldeiras, chão, serras e britadores, o que sugere riscos ligados à exposição a calor, superfícies irregulares e máquinas perigosas no setor de seleção, agenciamento e locação de mão de obra.",122
21163,"RIO DE JANEIRO","SERVICOS DE ARQUITETURA E ENGENHARIA; TESTES E ANALISES TECNICAS","A análise dos acidentes de trabalho no setor de serviços de arquitetura e engenharia no estado do Rio de Janeiro revela que a maioria dos casos envolve lesões corporais, com destaque para lesões na perna (22,2%) e dor crônica ou aguda (44,4%). Além disso, é possível identificar uma concentração de acidentes em áreas específicas do corpo, como o joelho (14,8%) e a mão (10,5%), sugerindo que as atividades realizadas nesses locais podem estar relacionadas à exposição a riscos ocupacionais.",112
21275,"RIO DE JANEIRO","SERVICOS DE ASSISTENCIA SOCIAL SEM ALOJAMENTO","Baseado no conjunto de dados, é possível identificar que o setor de Serviços de Assistência Social sem Alojamento no estado do Rio de Janeiro apresenta um padrão de acidentes trabalhistas predominantemente relacionados à movimentação e ao uso de veículos (motorizados e não motorizados), especialmente motocicletas e motonebas. Além disso, há uma alta frequência de lesões envolvendo membros superiores e inferiores, o que sugere que os trabalhadores desse setor estão expostos a riscos físicos e mecânicos durante seu trabalho.",11
21470,"RIO DE JANEIRO","SERVICOS ESPECIALIZADOS PARA CONSTRUCAO","A análise dos acidentes de trabalho no setor ""Serviços Especializados para Construção"" no estado do Rio de Janeiro revela que houve um aumento significativo da ocorrência de lesões e acidentes relacionados à escada móvel ou fixada, serras - máquinas e elevadores - equipamentos de guindar. Além disso, é possível notar uma tendência maior para lesões graves no setor, especialmente na região de Rio de Janeiro.",177
21286,"RIO DE JANEIRO","SERVICOS DE ESCRITORIO, DE APOIO ADMINISTRATIVO E OUTROS SERVICOS PRESTADOS PRINCIPALMENTE AS EMPRESAS","Com base nos dados analisados, é possível identificar que o setor de Serviços de Escritório, apoio administrativo e outros serviços prestados às empresas apresenta um risco maior para lesões em membros superiores e inferiores, especialmente relacionadas a quedas e acidentes com objetos pesados. Além disso, é interessante notar que os agentes envolvidos em acidentes de trabalho nesse setor são frequentemente equipamentos manuais ou objetos cotidianos, como frutas, ferramentas e serras.",179
21642,"RIO DE JANEIRO","SERVICOS PARA EDIFICIOS E ATIVIDADES PAISAGISTICAS","Com base nos dados, é possível perceber que o setor de Serviços para Edifícios e Atividades Paisagísticas no estado do Rio de Janeiro registrou um elevado número de acidentes de trabalho relacionados a lesões corporais, com destaque para lesões superficiais e trauma craniano. Além disso, verifica-se uma tendência para acidentes causados por agentes externos, como veículos motorizados e bicicletas, o que sugere uma importância na implementação de medidas de segurança e prevenção para minimizar esses riscos.",208
21875,"RIO DE JANEIRO","TRANSPORTE AEREO","Os acidentes de trabalho no setor de transporte aéreo no estado do Rio de Janeiro apresentam um padrão de lesões relacionadas à articulação do tornozelo e joelho, sugerindo que as atividades ligadas ao uso de escadas móveis ou fixadas podem estar associadas a riscos elevados. Além disso, a ocorrência de lesões em áreas como dorso e dedo pode indicar a necessidade de medidas adicionais para prevenir acidentes relacionados ao contato com objetos cortantes ou penetrantes.",6
21881,"RIO DE JANEIRO","TRANSPORTE AQUAVIARIO","A análise dos acidentes de trabalho no setor transporte aquaviário no estado do Rio de Janeiro revela que a lesão mais comum é a fratura (24% das ocorrências), seguida pela lesão imediata e ferimento (21%). Além disso, há um padrão de agente de acidente relacionado à máquina ou ferramenta manual sem força motriz, que ocorre em 43% dos casos.

Esses resultados sugerem que o risco principal é a exposição a situações de perigo decorrentes da manipulação de máquinas e ferramentas manuais, bem como a possibilidade de lesões graves resultantes de acidentes com veículos.",30
21923,"RIO DE JANEIRO","TRANSPORTE TERRESTRE","Com base nos dados fornecidos, observa-se que a maioria dos acidentes de trabalho no setor de transporte terrestre no estado do Rio de Janeiro é caracterizada por lesões múltiplas e graves, frequentemente relacionadas à utilização de máquinas e veículos motorizados. Além disso, nota-se um risco elevado para lesões na articulação do tornozelo e nos membros superiores, especialmente em acidentes envolvendo veículos rodoviários e transporte de cargas.",240
22220,"RONDÔNIA","ATIVIDADES DE VIGILANCIA, SEGURANCA E INVESTIGACAO","A análise dos acidentes de trabalho no setor de atividades de vigilância, segurança e investigação no estado de Rondônia revela que há um padrão de risco associado a veículos motorizados, tanto automóveis quanto motocicletas/motoneutas. Além disso, a cidade de Porto Velho se destaca como o local mais afetado por esses acidentes.",9
22467,"RONDÔNIA","FABRICACAO DE PRODUTOS DIVERSOS","Os acidentes de trabalho no setor de fabricação de produtos diversos em Rondônia apresentam um cenário preocupante, com lesões graves e frequentes envolvendo membros superiores (bracos) e digitais (dedos). Além disso, há uma tendência para a ocorrência de acidentes relacionados ao uso de motocicletas/motonetas e ferramentas manuais sem força motriz.",2
22565,"SERGIPE","ALOJAMENTO","A análise dos acidentes de trabalho no setor ""ALOJAMENTO"" no estado Sergipe indica que o maior risco é relacionado à lesões por movimentação e deslocamento, com um padrão claro de lesões superficiais e contusões no pé e ombro. Além disso, a utilização de bicicleta como agente causal em dois casos sugere uma falta de segurança nos trajetos de transporte dos trabalhadores.",3
22764,"SERGIPE","FABRICACAO DE PRODUTOS TEXTEIS","A análise dos acidentes de trabalho no setor de fabricação de produtos textiles em Sergipe revela que os homens são a maioria das vítimas, com lesões mais frequentemente relacionadas ao uso de ferramentas manuais e máquinas, como serras e escadas. Além disso, há um risco significativo de lesões nas partes superiores do corpo, especialmente na cabeça, membros superiores e dedos.",4
23762,"SÃO PAULO","ALIMENTACAO","A análise dos acidentes de trabalho no setor de alimentação no estado de São Paulo revela que o tipo de lesão mais comum é a contusão esmagamento superficial (30% do total), seguida pela amputação ou enucleação (25%). Isso sugere que os trabalhadores estão expostos a riscos mecânicos e físicos, como maquinários e equipamentos, que podem causar lesões superficiais e graves.",997
22151,"RONDÔNIA","ADMINISTRACAO PUBLICA, DEFESA E SEGURIDADE SOCIAL","Baseado no conjunto de dados, é possível identificar uma tendência crescente de acidentes relacionados a deslocamentos e mobilidade (bicicleta, rampa, veículo) no setor público em Rondônia. Além disso, a análise revela um risco aumentado de lesões mais graves, como fraturas e luxações, especialmente na parte inferior do corpo e relacionadas à movimentação física.",7
22158,"RONDÔNIA","AGENCIAS DE VIAGENS, OPERADORES TURISTICOS E SERVICOS DE RESERVAS","A análise dos acidentes de trabalho no setor ""AGENCIAS DE VIAGENS, OPERADORES TURISTICOS E SERVICOS DE RESERVAS"" em Rondônia revela que a maior parte das lesões ocorrem durante o trajeto, seja pela rodovia ou por outros meios de transporte. Isso sugere um alto risco de acidentes de transito não especificados entre os trabalhadores desse setor, principalmente aqueles que precisam utilizar veículos motorizados para realizar suas funções.",1
22159,"RONDÔNIA","AGRICULTURA, PECUARIA E SERVICOS RELACIONADOS","A análise dos acidentes de trabalho no setor de agricultura, pecuária e serviços relacionados no estado de Rondônia revela que os trabalhadores rurais estão expostos a riscos mecânicos e físicos graves, especialmente quando envolvidos em atividades como manuseio de máquinas agrícolas ou escada móvel. Além disso, é notável a falta de proteção adequada na maioria dos casos, o que contribui para a frequência de lesões superficiais e contusões.",7
22166,"RONDÔNIA","ALIMENTACAO","A análise dos acidentes de trabalho no setor ""Alimentação"" em Rondônia revela um padrão preocupante de lesões mais graves e freqüentes entre trabalhadores do sexo masculino, com um alto percentual de lesões causadas por veículos motorizados (motocicletas e rodoviários) e uma elevada frequência de lesões no braço e ombro.

Além disso, é notável a falta de óbitos registrados, o que sugere que os acidentes são mais frequentemente superficiais ou levemente graves.",6
22172,"RONDÔNIA","ALOJAMENTO","Com base nos acidentes de trabalho no setor ""ALOJAMENTO"" do estado Rondônia, é possível identificar que há um risco significativo associado à falha ou deterioração das estruturas edificadas (DOCA - EDIFICIO OU ESTRUTURA), como exemplificado pelo acidente ocorrido em Porto Velho. Isso sugere a importância de realizar inspeções periódicas e manutenções preventivas para minimizar os riscos de lesões graves.",1
22173,"RONDÔNIA","ARMAZENAMENTO E ATIVIDADES AUXILIARES DOS TRANSPORTES","Baseado nos dados, é possível identificar que o setor ""ARMAZENAMENTO E ATIVIDADES AUXILIARES DOS TRANSPORTES"" no estado de Rondônia apresenta um risco elevado de lesões por acidentes de trabalho relacionados a ferramentas manuais sem força motriz, como serras e serrote. Além disso, os dados sugerem que o sexo masculino é mais afetado por esses tipos de acidentes no setor.",1
22174,"RONDÔNIA","ATIVIDADES AUXILIARES DOS SERVICOS FINANCEIROS, SEGUROS, PREVIDENCIA COMPLEMENTAR E PLANOS DE SAUDE","Baseado nos dados do setor ""ATIVIDADES AUXILIARES DOS SERVICOS FINANCEIROS, SEGUROS, PREVIDENCIA COMPLEMENTAR E PLANOS DE SAUDE"" no estado RONDÔNIA, é possível identificar um risco significativo associado ao transporte e mobilidade, uma vez que a maior parte dos acidentes de trabalho registrados envolvem lesões decorrentes de colisão de veículos em trânsito. Isso sugere a necessidade de implementar medidas de segurança para os empregados que realizam atividades móveis ou que trabalham com transporte de pessoas ou mercadorias.",1
22175,"RONDÔNIA","ATIVIDADES DE ATENCAO A SAUDE HUMANA","Com base nos dados analisados, é possível constatar que os acidentes de trabalho no setor ""ATIVIDADES DE ATENCAO A SAUDE HUMANA"" no estado Rondônia apresentam um padrão claro de lesões relacionadas ao uso de máquinas e veículos, bem como a exposição a materiais perigosos. Isso sugere que a falta de habilidade na utilização desses agentes ou a inobservância das normas de segurança podem estar contribuindo para o elevado número de acidentes registrados.",29
22204,"RONDÔNIA","ATIVIDADES DE ORGANIZACOES ASSOCIATIVAS","A análise dos acidentes de trabalho no setor ""ATIVIDADES DE ORGANIZACOES ASSOCIATIVAS"" no estado Rondônia sugere que a maioria dos casos envolve lesões nos membros superiores e tronco, com predomínio de machos e ocorrendo principalmente em Porto Velho. Além disso, os acidentes são frequentemente relacionados à utilização de máquinas e ferramentas manuais, o que sugere a importância da implementação de medidas de segurança adequadas para prevenir esses tipos de incidentes.",3
22207,"RONDÔNIA","ATIVIDADES DE SEDES DE EMPRESAS E DE CONSULTORIA EM GESTAO EMPRESARIAL","A análise dos acidentes de trabalho no setor ""ATIVIDADES DE SEDES DE EMPRESAS E DE CONSULTORIA EM GESTAO EMPRESARIAL"" no estado Rondônia revela que a maioria das lesões é relacionada a trânsito e veículos, com predomínio de acidentes ocorridos durante deslocamentos ou deslocamento em veículos. Além disso, a análise sugere um risco elevado para as mulheres nesse setor, que estão mais propensas a sofrer lesões ao se envolverem em acidentes automobilísticos.",4
22211,"RONDÔNIA","ATIVIDADES DE SERVICOS FINANCEIROS","A análise dos acidentes de trabalho no setor de serviços financeiros em Rondônia revela que a motocicleta e veículo terrestre são os principais agentes envolvidos em lesões, principalmente na região de Vilhena. Além disso, há uma tendência para lesões superficiais e imediatas, o que sugere a necessidade de medidas preventivas e treinamento para reduzir os riscos associados à condução de veículos motorizados no trabalho.",3
22223,"RONDÔNIA","ATIVIDADES DOS SERVICOS DE TECNOLOGIA DA INFORMACAO","A análise dos acidentes de trabalho no setor ""ATIVIDADES DOS SERVICOS DE TECNOLOGIA DA INFORMACAO"" no estado Rondônia revela que o maior risco é a exposição às escadas móveis ou fixadas, o que resultou em lesões graves e fraturas em diferentes partes do corpo. Além disso, há uma tendência para os acidentes ocorrerem durante deslocamentos (trajeto) e não apenas no local de trabalho, o que sugere a necessidade de uma abordagem mais ampla para a prevenção de lesões.",4
22227,"RONDÔNIA","ATIVIDADES ESPORTIVAS E DE RECREACAO E LAZER","A análise dos acidentes de trabalho no setor ""ATIVIDADES ESPORTIVAS E DE RECREACAO E LAZER"" no estado Rondônia revela que os trabalhadores femininos são mais propensos a sofrer lesões superficiais, como contusões e esmagamentos, principalmente no dorso. Isso sugere um risco associado à atividade física em terreno irregular ou com movimentos abruptos, o que requer atenção especial para a segurança dos trabalhadores nessa área.",1
22228,"RONDÔNIA","CAPTACAO, TRATAMENTO E DISTRIBUICAO DE AGUA","A análise dos acidentes de trabalho no setor ""CAPTACAO, TRATAMENTO E DISTRIBUICAO DE AGUA"" no estado RONDÔNIA revela que os riscos associados ao transporte e mobilidade estão aumentando. Isso sugere uma necessidade de reforço na segurança viária e no treinamento de agentes para evitar lesões por escoriação, abrasão e ferimento superficial.",1
22229,"RONDÔNIA","COLETA, TRATAMENTO E DISPOSICAO DE RESIDUOS; RECUPERACAO DE MATERIAIS","Com base nos dados, é possível notar que o setor ""COLETA, TRATAMENTO E DISPOSICAO DE RESIDUOS; RECUPERACAO DE MATERIAIS"" no estado Rondônia apresenta um padrão de acidentes relacionados ao transporte de materiais e ao uso de máquinas e veículos, o que sugere riscos associados à movimentação de objetos e ao contato com equipamentos pesados. Além disso, a frequência de lesões na cabeça e olho pode indicar a necessidade de melhorias na segurança e no uso de proteções para essas áreas do corpo.",15
22244,"RONDÔNIA","COMERCIO E REPARACAO DE VEICULOS AUTOMOTORES E MOTOCICLETAS","A análise dos acidentes de trabalho no setor ""Comércio e Reparação de Veículos Automotivos e Motocicletas"" no estado Rondônia revela que a maior parte das lesões ocorrem em homens, principalmente nas áreas corporais como cabeça, braço e perna. Além disso, é possível identificar um padrão de acidentes relacionados ao trânsito, como colisões com veículos rodoviários motorizados ou motocicletas, o que sugere a necessidade de medidas preventivas específicas para esse tipo de risco.",19
22274,"RONDÔNIA","COMERCIO POR ATACADO, EXCETO VEICULOS AUTOMOTORES E MOTOCICLETAS","A análise dos acidentes de trabalho no setor de comércio por atacado, exceto veículos automotivos e motocicletas, no estado de Rondônia revela um padrão preocupante: a maioria dos acidentes (7/10) envolveu movimento ou transporte (trajecto), destacando a importância da segurança no trânsito para os trabalhadores nesse setor. Além disso, o risco de lesões graves e fatais é elevado, com 2 casos de óbitos registrados entre os acidentes estudados.",33
22346,"RONDÔNIA","ELETRICIDADE, GAS E OUTRAS UTILIDADES","A análise dos acidentes de trabalho no setor de electricidade, gas e outras utilidades no estado do Rondônia revela que o maior risco é a lesão por escoriação ou abrasão superficial, especialmente nas regiões do corpo como as mãos, pés e parte superior do corpo. Além disso, os acidentes envolvendo veículos motorizados, como motocicletas e carros, parecem ser um fator contribuinte significativo para a ocorrência de lesões e acidentes no setor.",6
22296,"RONDÔNIA","COMERCIO VAREJISTA","A análise dos acidentes de trabalho no setor de comércio varejista do estado de Rondônia revela que houve um aumento na ocorrência de lesões relacionadas a transporte motorizado, especialmente motocicletas e motoneatas, o que sugere uma priorização em ações preventivas para reduzir esses riscos. Além disso, a falta de equipamentos adequados e a exposição a doenças transmitidas por animais também foram identificados como fatores de risco importantes nesse setor.",37
22333,"RONDÔNIA","CONFECCAO DE ARTIGOS DO VESTUARIO E ACESSORIOS","Com base no conjunto de dados, é possível identificar que o setor de confecção de artigos do vestuário e acessórios no estado Rondônia apresenta um risco relativamente elevado de lesões por distensão torcional, especialmente na parte inferior da perna (PE), relacionadas ao uso de veículos. Além disso, é importante notar a ausência de óbitos decorrentes dessas lesões, o que sugere uma boa resposta ao tratamento e atenção médica recebida pelas vítimas.",1
22334,"RONDÔNIA","CONSTRUCAO DE EDIFICIOS","A análise dos acidentes de trabalho no setor de construção de edifícios no estado de Rondônia revela que existem riscos significativos associados ao uso de máquinas pesadas, como britadores e moinhos, que podem levar a lesões nas articulações do tornozelo. Além disso, o não registro da informação sobre o sexo e idade dos trabalhadores pode ser um indicador de uma cultura de segurança precária na região.",1
22335,"RONDÔNIA","CORREIO E OUTRAS ATIVIDADES DE ENTREGA","A análise dos acidentes de trabalho no setor ""Correio e outras atividades de entrega"" no estado Rondônia revela que a maioria das lesões é decorrente de eventos típicos, como quedas em escadas ou superfícies irregulares, e fraturas, especialmente nos membros inferiores. Além disso, a falta de segurança e a insuficiência de proteção individual também são fatores que merecem atenção especial.",7
22342,"RONDÔNIA","EDUCACAO","A análise dos acidentes de trabalho no setor ""EDUCACAO"" no estado Rondônia revela que a maioria das lesões é relacionada à atividade manual e ao uso de máquinas, como serras e telhados, o que sugere uma necessidade de treinamento e proteção para os funcionários que trabalham com esses agentes. Além disso, há um risco elevado de lesão grave, incluindo concussões cerebrais e ferimentos pessoais graves, embora não haja óbitos registrados.",3
22351,"RONDÔNIA","EXTRACAO DE MINERAIS METALICOS","A análise dos acidentes de trabalho no setor ""EXTRACAO DE MINERAIS METALICOS"" no estado Rondônia revela que há um risco significativo associado à atividade desenvolvida na superfície da mina, especialmente em relação a lesões relacionadas ao joelho e possíveis sequelas internas não especificadas.",1
22352,"RONDÔNIA","EXTRACAO DE MINERAIS NAO METALICOS","A análise dos acidentes de trabalho no setor ""EXTRACAO DE MINERAIS NÃO METÁLICOS"" no estado Rondônia revela que a principal área de risco é a utilização de máquinas e ferramentas, com lesões graves como fraturas e perfurações abertas sendo frequentes. Além disso, a falta de treinamento e uso inadequado de equipamentos podem estar contribuindo para esses acidentes, especialmente em municípios como Cacoal e Pimenta Bueno.",2
22354,"RONDÔNIA","FABRICACAO DE BEBIDAS","A análise dos acidentes de trabalho no setor ""FABRICACAO DE BEBIDAS"" no estado RONDÔNIA revela que o maior risco está relacionado à lesão muscular (DISTENSAO TORCAO) em trabalhadores do sexo masculino, principalmente os envolvidos com atividades manuais como britador e moynho.",1
22355,"RONDÔNIA","FABRICACAO DE EQUIPAMENTOS DE INFORMATICA, PRODUTOS ELETRONICOS E OPTICOS","Com base nos dados analisados, é possível observar que a maior parte dos acidentes de trabalho no setor de fabricação de equipamentos de informática, produtos eletrônicos e ópticos no estado de Rondônia envolve veículos rodoviários motorizados como agentes causadores de lesões. Isso sugere um risco significativo associado ao transporte de materiais ou funcionários dentro da indústria, o que justifica a implementação de medidas de segurança adicional para prevenir esses tipos de acidentes.",1
22356,"RONDÔNIA","FABRICACAO DE MOVEIS","Com base nos dados do setor ""FABRICACAO DE MOVEIS"" no estado RONDÔNIA, é possível identificar um padrão de risco para a segurança dos trabalhadores envolvidos na utilização de serras - máquinas. Isso sugere que a empresa ou as empresas do setor devem implementar medidas de segurança adicionais e treinar os funcionários sobre o uso seguro dessas máquinas para prevenir lesões, especialmente aquelas relacionadas à fratura dos dedos e metacarpianos.",1
22357,"RONDÔNIA","FABRICACAO DE PRODUTOS ALIMENTICIOS","A análise dos acidentes de trabalho no setor de fabricação de produtos alimentícios em Rondônia revela um cenário preocupante: a maioria das lesões é decorrente de acidentes tipicamente relacionados ao uso de máquinas e ferramentas, o que sugere uma falta de atenção à segurança nos processos produtivos. Além disso, nota-se uma predominância de lesões em membros superiores (braco e dedo) e olhos, o que pode indicar a necessidade de intervenções específicas para prevenir esses tipos de acidentes.",96
22453,"RONDÔNIA","FABRICACAO DE PRODUTOS DE BORRACHA E DE MATERIAL PLASTICO","A análise dos acidentes de trabalho no setor de fabricação de produtos de borracha e material plástico no estado de Rondônia revela que há um padrão preocupante de lesões relacionadas a veículos, especialmente motocicletas e triciclos. Isso sugere que os riscos associados à mobilidade e ao transporte estão ampliados nesse setor, tornando necessário implementar medidas preventivas mais eficazes para reduzir esses tipos de acidentes.",2
22455,"RONDÔNIA","FABRICACAO DE PRODUTOS DE MADEIRA","A análise dos acidentes de trabalho no setor de fabricação de produtos de madeira em Rondônia revela que o risco mais significativo é a lesão por fratura, especialmente na perna e pé, com agente principal sendo chão, caldeira ou serras. Além disso, há uma tendência para acidentes relacionados ao uso de máquinas e ferramentas, bem como ao transporte, o que sugere a necessidade de implementar medidas de prevenção e controle mais eficazes nestas áreas.",7
22462,"RONDÔNIA","FABRICACAO DE PRODUTOS DE METAL, EXCETO MAQUINAS E EQUIPAMENTOS","A análise dos acidentes de trabalho no setor ""FABRICACAO DE PRODUTOS DE METAL, EXCETO MAQUINAS E EQUIPAMENTOS"" em Rondônia revela que houve um aumento da mortalidade decorrente de lesões graves e hemorrágicas relacionadas a acidentes com equipamentos elevadores. Além disso, é perceptível uma falta de proteção para os trabalhadores, visto que a maioria dos acidentes foi causada por veículos ou equipamentos de guindar.",2
22464,"RONDÔNIA","FABRICACAO DE PRODUTOS DE MINERAIS NAO METALICOS","Com base nos dados, é possível identificar que o setor de fabricação de produtos minerais não metalicos no estado de Rondônia apresenta um padrão preocupante de acidentes graves e fatais relacionados ao uso de veículos rodoviários motorizados. Além disso, há uma tendência para lesões múltiplas e traumatismos multiplos não especificados, o que sugere a necessidade de implementar medidas preventivas mais eficazes para reduzir os riscos associados à mobilidade no local de trabalho.",2
22468,"RONDÔNIA","FABRICACAO DE PRODUTOS QUIMICOS","Com base nos dados, é possível identificar que o setor de fabricação de produtos químicos no estado do Rondônia apresenta um risco significativo de lesões ao pé (FRATURA DE OSSOS DO METATARSO), principalmente para os trabalhadores masculinos. Além disso, há uma tendência a ocorrer acidentes relacionados à manipulação e transporte de materiais perigosos, como frutas e derivados, o que justifica a implementação de medidas de segurança específicas para prevenir esses tipos de incidentes.",1
22469,"RONDÔNIA","FABRICACAO DE VEICULOS AUTOMOTORES, REBOQUES E CARROCERIAS","A análise dos acidentes de trabalho no setor de fabricação de veículos automotivos, reboques e carrocarias no estado de Rondônia revela um padrão preocupante: a lesão mais comum é a fratura (FRATURA), especialmente na região do ombro. Além disso, há uma possível anormalidade no agente causador dos acidentes, que parece estar relacionado ao uso de veículos em áreas operacionais.",1
22470,"RONDÔNIA","MANUTENCAO, REPARACAO E INSTALACAO DE MAQUINAS E EQUIPAMENTOS","A análise dos acidentes de trabalho no setor ""MANUTENÇÃO, REPARAÇÃO E INSTALAÇÃO DE MÁQUINAS E EQUIPAMENTOS"" em Rondônia revela que o maior risco é a exposição a agentes como andaiame e motor elétrico, levando a lesões graves como fraturas e ferimentos. Além disso, os acidentes ocorrem mais frequentemente em edifícios ou estruturas, o que sugere a importância de implementar medidas de segurança específicas para essas áreas.",2
22472,"RONDÔNIA","METALURGIA","Baseado nos dados do setor de metalurgia no estado de Rondônia, parece haver um padrão de lesões mais frequentemente relacionadas a ação manual de ferramentas sem motorização, como martelos e malhos. Isso pode indicar uma necessidade de treinamento e conscientização para os trabalhadores sobre as práticas seguras de uso de ferramentas manuais.",1
22473,"RONDÔNIA","OBRAS DE INFRAESTRUTURA","A análise dos acidentes de trabalho no setor ""OBRAS DE INFRAESTRUTURA"" no estado Rondônia revela que os principais riscos são relacionados a veículos motorizados (rodoviário) e equipamentos pesados, o que pode estar associado à falta de treinamento ou uso inadequado das ferramentas. Além disso, há um risco significativo de lesões múltiplas graves, como choques elétricos e traumatismos não especificados, que podem ter consequências sérias para a saúde dos trabalhadores.",3
22476,"RONDÔNIA","OUTRAS ATIVIDADES DE SERVICOS PESSOAIS","Baseado nos dados, é possível identificar que o setor de ""OUTRAS ATIVIDADES DE SERVICOS PESSOAIS"" no estado de Rondônia apresenta um padrão de acidentes relacionados ao uso de produtos perigosos, como frutas e derivados, em especial nos municípios rurais. Além disso, os dados sugerem que há uma tendência a lesões superficiais e traumas envolvendo membros superiores e inferiores.",1
22477,"RONDÔNIA","OUTRAS ATIVIDADES PROFISSIONAIS, CIENTIFICAS E TECNICAS","A análise dos acidentes de trabalho no setor ""OUTRAS ATIVIDADES PROFISSIONAIS, CIENTIFICAS E TECNICAS"" no estado Rondônia revela que os trabalhadores são expostos a riscos significativos relacionados ao tráfego rodoviário, destacando-se a necessidade de reforçar a segurança viária para prevenir lesões graves e mortes. Além disso, é possível identificar uma frequência maior de lesões nas extremidades superiores entre os trabalhadores masculinos, o que sugere a importância da adoção de medidas preventivas específicas para essa faixa etária e gênero.",1
22478,"RONDÔNIA","PREPARACAO DE COUROS E FABRICACAO DE ARTEFATOS DE COURO, ARTIGOS PARA VIAGEM E CALCADOS","Os dados sugerem que o setor de preparação de couros e fabricação de artefatos de couro, artigos para viagem e calçados no estado de Rondônia apresenta um risco elevado de lesões cutâneas e ferimentos na cabeça e face, provavelmente relacionadas à manipulação manual de materiais e ao uso de máquinas e ferramentas. Além disso, a frequência de lesões nos dedos e mandíbula pode estar associada à exposição prolongada a esforços repetitivos e tensão muscular.",4
22482,"RONDÔNIA","PRODUCAO FLORESTAL","Baseado nos dados do setor de produção florestal no estado de Rondônia, surge um insight que destaca a alta frequência de lesões relacionadas à dermatite alergica de contato, provavelmente decorrente da exposição a substâncias químicas em ambientes de trabalho. Isso sugere um risco significativo para a saúde dos trabalhadores nesse setor, especialmente se não houver medidas adequadas de proteção individual e coletiva implementadas.",1
22483,"RONDÔNIA","PUBLICIDADE E PESQUISA DE MERCADO","A análise dos acidentes de trabalho no setor ""PUBLICIDADE E PESQUISA DE MERCADO"" no estado RONDÔNIA revela que o risco mais significativo é relacionado ao uso de veículos, que pode levar a lesões nos membros inferiores, como luxações e traumatismos meniscaux. Além disso, o fato de não haver nenhuma morte registrada sugere que a gravidade dos acidentes é mais moderada do que crítica.",1
22484,"RONDÔNIA","REPARACAO E MANUTENCAO DE EQUIPAMENTOS DE INFORMATICA E COMUNICACAO E DE OBJETOS PESSOAIS E DOMESTICOS","A análise dos acidentes de trabalho no setor ""Reparação e Manutenção de Equipamentos de Informática e Comunicação e Objetos Pessoais e Domésticos"" em Rondônia revela que os trabalhadores do sexo masculino são mais propensos a sofrer lesões, especialmente aquelas relacionadas à segurança viária. Além disso, o uso de veículos motorizados, como motocicletas ou mótornetas, parece estar associado ao aumento do risco de acidentes e lesões graves.",1
22485,"RONDÔNIA","SEGUROS, RESSEGUROS, PREVIDENCIA COMPLEMENTAR E PLANOS DE SAUDE","Com base nos dados, observa-se que a maior parte dos acidentes de trabalho no setor de seguros e previdência complementar ocorre durante o deslocamento (trajeto) e é caracterizada por lesões imediatas nos membros inferiores. Além disso, os motoristas (condutores) são mais suscetíveis a acidentes fatais ou gravemente lesivos, especialmente em colisões com outros veículos.

Essa análise sugere que é fundamental priorizar medidas de segurança e prevenção durante o deslocamento e treinamento adequado para os motoristas, além de implementar políticas de gestão do risco para reduzir a frequência e gravidade dos acidentes.",1
22486,"RONDÔNIA","SELECAO, AGENCIAMENTO E LOCACAO DE MAO DE OBRA","Com base nos dados do setor ""SELECAO, AGENCIAMENTO E LOCACAO DE MAO DE OBRA"" no estado Rondônia, é possível identificar um padrão preocupante de lesões decorrentes de ataques de animais, especialmente em áreas não especificadas. Isso sugere que os trabalhadores do setor estão expostos a riscos ambientais e de segurança, o que requer atenção especial da parte dos empregadores para implementar medidas de prevenção e proteção eficazes.",1
22487,"RONDÔNIA","SERVICOS DE ARQUITETURA E ENGENHARIA; TESTES E ANALISES TECNICAS","Com base nos dados analisados, é possível identificar que o setor de serviços de arquitetura e engenharia, testes e análises técnicas no estado de Rondônia apresenta um risco significativo de lesões por exposição a corrente elétrica não especificada (45% das ocorrências) e contusões do tornozelo (20% das ocorrências).",2
22489,"RONDÔNIA","SERVICOS DE ESCRITORIO, DE APOIO ADMINISTRATIVO E OUTROS SERVICOS PRESTADOS PRINCIPALMENTE AS EMPRESAS","Baseado nos dados, é possível observar que o setor de serviços de escritório, apoio administrativo e outros serviços prestados principalmente às empresas tem um padrão de acidentes de trabalho caracterizado por lesões superficiais e contusões, especialmente nas mãos, braços e membros superiores. Além disso, a análise também sugere que há uma maior frequência de acidentes relacionados à mobilidade, como veículos motorizados e bicicletas, o que pode indicar a necessidade de reforço na segurança no trânsito.",13
22502,"RONDÔNIA","SERVICOS ESPECIALIZADOS PARA CONSTRUCAO","A análise dos acidentes de trabalho no setor ""Serviços Especializados para Construção"" no estado Rondônia revela que há um elevado risco associado ao uso de veículos rodoviários motorizados (42,86% dos casos), especialmente em áreas urbanas como Ji-Paraná. Além disso, a falta de cuidados com equipamentos e instalações, como escadas móveis ou arcos elétricos, também contribuiu significativamente para os acidentes fatais, tornando-se uma área de grande risco para os trabalhadores.",7
22509,"RONDÔNIA","SERVICOS PARA EDIFICIOS E ATIVIDADES PAISAGISTICAS","A análise dos acidentes de trabalho no setor ""Serviços para Edifícios e Atividades Paisagísticas"" no estado Rondônia revela que a maioria dos casos (80%) envolve lesões superficiais ou imediatas, com predomínio de traumatismos nos membros superiores. Além disso, é possível identificar um padrão de risco significativo associado ao uso de motocicletas e motonebas em acidentes de trânsito não especificados.",5
22514,"RONDÔNIA","TELECOMUNICACOES","Com base nos acidentes de trabalho no setor de telecomunicações do estado Rondônia, é possível identificar um padrão de risco associado à falta de segurança e atenção às condições de trabalho em áreas rurais, como a ocorrência de acidentes envolvendo veículos rodoviários motorizados em zonas isoladas. Além disso, a frequência de lesões múltiplas e lesões sem especificação sugere uma cultura organizacional que não prioriza a segurança do trabalhador, tornando mais provável a ocorrência de acidentes graves.",2
22516,"RONDÔNIA","TRANSPORTE TERRESTRE","Com base nos dados analisados, é possível identificar que o setor de transporte terrestre no estado do Rondônia apresenta um alto risco de lesões imediatas e ferimentos superficiais, especialmente nos casos de escoriação abrasão ferimento superficial. Além disso, a presença de agentes químicos e materiais pesados como serras, cordas e cabos contribui para o aumento do risco de lesões.",13
22533,"RORAIMA","AGRICULTURA, PECUARIA E SERVICOS RELACIONADOS","Com base nos dados analisados, é possível identificar que o setor de agricultura, pecuária e serviços relacionados no estado de Roraima apresenta um padrão de lesões mais frequentes relacionadas a cortes, laceracões e ferimentos causados por objetos ou máquinas (55% dos casos). Além disso, é notável que todos os acidentes ocorreram em São João da Baliza, o que sugere uma concentração de riscos nesse município.",5
22534,"RORAIMA","COMERCIO POR ATACADO, EXCETO VEICULOS AUTOMOTORES E MOTOCICLETAS","Com base nos dados, é possível identificar que o setor ""COMERCIO POR ATACADO"" em Roraima apresenta um elevado risco de lesões e acidentes relacionados ao uso de motocicletas e motonetas, com especialização em lesões nas partes superiores do corpo. Além disso, é notável a ocorrência de lesões nervosas e traumáticas na região da coxa e quadril, sugerindo um padrão de risco específico associado ao uso de ferramentas manuais sem força motriz.",2
22536,"RORAIMA","COMERCIO VAREJISTA","A análise dos acidentes de trabalho no setor ""COMERCIO VAREJISTA"" no estado RORAIMA revela que a lesão mais comum é a fratura, especificamente na extremidade distal do radio, e que o uso de veículos motorizados, como motocicletas e motoneatas, está diretamente relacionado ao risco de acidentes.",1
22537,"RORAIMA","FABRICACAO DE PRODUTOS ALIMENTICIOS","A análise dos acidentes de trabalho no setor ""Fabricação de produtos alimentícios"" no estado Roraima revela que os trabalhadores expostos a máquinas apresentam um risco elevado de lesões imediatas, especialmente nos membros inferiores. Isso sugere uma cultura de trabalho desprotegida e falta de medidas preventivas adequadas para evitar acidentes relacionados à utilização de máquinas.",1
22538,"SERGIPE","ADMINISTRACAO PUBLICA, DEFESA E SEGURIDADE SOCIAL","A análise dos acidentes de trabalho no setor ""ADMINISTRACAO PUBLICA, DEFESA E SEGURIDADE SOCIAL"" no estado Sergipe revela um padrão preocupante de lesões múltiplas e fraturas em membros superiores e inferiores, sugerindo uma cultura de risco associada ao uso de máquinas e veículos motorizados. Além disso, a maioria dos acidentes ocorreu em Aracaju e Itabaiana, o que pode indicar uma concentração de riscos laborais em determinados locais ou áreas específicas.",11
22549,"SERGIPE","AGRICULTURA, PECUARIA E SERVICOS RELACIONADOS","A análise dos acidentes de trabalho no setor de agricultura, pecuária e serviços relacionados no estado Sergipe revela que o principal agente de risco é a máquina (ex: veículo) e que lesões superficiais são comuns. Além disso, há um risco notável associado ao uso de substâncias químicas (gás envenenado de carvão), o que sugere a necessidade de investir em medidas de proteção individual e coletiva para prevenir esses tipos de acidentes.",2
22551,"SERGIPE","ALIMENTACAO","A análise dos acidentes de trabalho no setor de alimentação no estado Sergipe revela que os principais agentes responsáveis são ferramentas manuais sem força motriz e materiais perigosos, como carvão e gás. Além disso, a falta de atenção à segurança no uso de equipamentos elétricos e a inadequação de superfícies e estruturas também contribuem para os acidentes.",13
22567,"SERGIPE","ALUGUEIS NAO IMOBILIARIOS E GESTAO DE ATIVOS INTANGIVEIS NAO FINANCEIROS","Com base nos dados, podemos identificar que o setor de alugueres não imobiliários e gestão de ativos intangíveis no estado Sergipe apresenta risco significativo de lesões múltiplas e graves, especialmente relacionadas a acidentes com máquinas e equipamentos (como serras) e superfícies perigosas (como asfalto e alcatrao). Além disso, há uma tendência para lesões na parte superior do corpo, como face e dorso.",2
22569,"SERGIPE","ARMAZENAMENTO E ATIVIDADES AUXILIARES DOS TRANSPORTES","A análise dos acidentes de trabalho no setor ""Armanzamento e Atividades Auxiliares dos Transportes"" no estado Sergipe revela que a maioria das lesões são relacionadas a acidentes de trânsito, como colisões com pedestres ou animais, e esmagamentos em veículos, o que sugere uma alta exposição ao risco de danos físicos. Além disso, os dados sugerem uma tendência para lesões mais graves no braço e perna, possivelmente relacionadas à falta de proteção adequada durante as atividades do trabalho.",5
22574,"SERGIPE","ATIVIDADES DE APOIO A EXTRACAO DE MINERAIS","A análise dos acidentes de trabalho no setor ""ATIVIDADES DE APOIO A EXTRACAO DE MINERAIS"" no estado Sergipe revela que os danos mais comuns são lesões à parte inferior do corpo, como dedos e pernas, provavelmente relacionados à exposição a riscos mecânicos e físicos em áreas de extração mineral. Além disso, é perceptível um padrão de sobreposição entre as lesões causadas por escorimento e fraturas, o que sugere a importância da adoção de medidas preventivas eficazes para minimizar os riscos de acidentes no local de trabalho.",4
22578,"SERGIPE","ATIVIDADES DE ATENCAO A SAUDE HUMANA","A análise dos acidentes de trabalho no setor de atendimento à saúde humana no estado Sergipe revela que a maioria das lesões ocorre por efeito direto do agente (acidente típico) e que o dedo é a parte mais afetada, indicando risco significativo para os profissionais da área. Além disso, a presença de substâncias químicas como agentes em alguns casos sugere uma necessidade de melhorias nas práticas seguras de trabalho e no manejo de produtos químicos nos serviços de saúde.",62
22640,"SERGIPE","ATIVIDADES DE ORGANIZACOES ASSOCIATIVAS","A análise dos acidentes de trabalho no setor 'ATIVIDADES DE ORGANIZACOES ASSOCIATIVAS' no estado Sergipe revela que o risco mais significativo é a lesão por distensão torcional, que afeta principalmente os funcionários femininos. Além disso, a motocicleta e motoneta também são agentes de acidentes que podem levar a escoriações e ferimentos superficiais, especialmente em áreas urbanas como Aracaju e Barra dos Coqueiros.",2
22642,"SERGIPE","ATIVIDADES DE RADIO E DE TELEVISAO","A análise dos acidentes de trabalho no setor ""ATIVIDADES DE RADIO E DE TELEVISÃO"" no estado Sergipe revela que os profissionais femininos, possivelmente envolvidas em atividades que demandam deslocamentos ou viagens frequentes (como a motocicleta ou motoneta), estão mais propensas a sofrer lesões na perna e joelho, especialmente no município de Aracaju.",1
22643,"SERGIPE","ATIVIDADES DE SEDES DE EMPRESAS E DE CONSULTORIA EM GESTAO EMPRESARIAL","Baseado nos dados, é possível identificar que o setor de atividades de sedes de empresas e consultoria em gestão empresarial no estado Sergipe apresenta um padrão de lesões mais frequentemente relacionadas a movimentação rápida ou acidente de trânsito (moto cicleta, motoneta), com lesões superficiais e artificiais como luxações e escoriações. Além disso, há uma preocupante alta frequência de lesões nos membros superiores e inferiores, o que pode indicar a necessidade de medidas preventivas específicas para reduzir esses riscos.",4
22647,"SERGIPE","ATIVIDADES DE VIGILANCIA, SEGURANCA E INVESTIGACAO","A análise dos acidentes de trabalho no estado Sergipe, especificamente no setor ""ATIVIDADES DE VIGILANCIA, SEGURANCA E INVESTIGACAO"", sugere que houve um padrão de lesões superficiais e contusões em diferentes partes do corpo, frequentemente relacionadas a veículos motorizados e mobiliário. Isso indica uma possível falta de atenção à segurança no transporte ou ao manejo de objetos pesados.",2
22649,"SERGIPE","ATIVIDADES DOS SERVICOS DE TECNOLOGIA DA INFORMACAO","A análise dos acidentes de trabalho no setor ""ATIVIDADES DOS SERVICOS DE TECNOLOGIA DA INFORMACAO"" no estado Sergipe revela um padrão preocupante de lesões imediatas relacionadas a problemas de mobilidade, como contusões no joelho. Isso sugere que os trabalhadores nesse setor estão mais propensos a sofrer lesões ligadas ao movimento e deslocamento, possivelmente decorrentes da falta de treinamento em segurança ou insuficiência de equipamentos de proteção individual adequados.",1
22650,"SERGIPE","ATIVIDADES JURIDICAS, DE CONTABILIDADE E DE AUDITORIA","Com base no conjunto de dados, é possível identificar que as lesões relacionadas a distensão e entorse do tornozelo são uma das principais preocupações no setor de atividades jurídicas, contabilidade e auditoria em Sergipe, especialmente na cidade de Aracaju. Além disso, a falta de segurança em escadas móveis ou fixas pode estar contribuindo para ocorrência desses acidentes, recomendando intervenções para melhoria da segurança laboral nessa área específica.",1
22651,"SERGIPE","CAPTACAO, TRATAMENTO E DISTRIBUICAO DE AGUA","A análise dos acidentes de trabalho no setor ""CAPTACAO, TRATAMENTO E DISTRIBUICAO DE AGUA"" no estado Sergipe revela que a lesão mais comum é a ferimento da perna e cranio, sugerindo uma maior exposição à risco de lesões corporais durante as atividades laborais. Além disso, os acidentes relacionados à máquina de embalar ou empacotar e superfície e estrutura (NIC) podem indicar a necessidade de revisão da segurança nos processos de produção e treinamento dos trabalhadores para minimizar esses riscos.",2
22653,"SERGIPE","COMERCIO E REPARACAO DE VEICULOS AUTOMOTORES E MOTOCICLETAS","A análise dos acidentes de trabalho no setor ""COMERCIO E REPARACAO DE VEICULOS AUTOMOTORES E MOTOCICLETAS"" no estado Sergipe revela que os riscos mais significativos estão relacionados à escada móvel ou fixada, com lesões mais frequentemente ocorrendo em áreas corporais como o pé e a articulação do tornozelo. Além disso, há uma tendência para acidentes decorrentes de contato com objetos pesados, como frutas e derivados, que podem causar fracturas e lesões mais graves.",4
22657,"SERGIPE","COMERCIO POR ATACADO, EXCETO VEICULOS AUTOMOTORES E MOTOCICLETAS","Com base nos dados, é possível observar que o setor de comércio por atacado no estado Sergipe apresenta um cenário preocupante quanto à segurança dos trabalhadores, com lesões contusivas e esmagamento superficiais atingindo diversas partes do corpo, incluindo dedos, ombro, cabeça e perna. Além disso, há uma elevada frequência de lesões decorrentes da manipulação de materiais pesados e máquinas, o que sugere a necessidade de um enfoque prioritário na prevenção e mitigação dos riscos laborais nesse setor.",10
22667,"SERGIPE","COMERCIO VAREJISTA","A análise dos acidentes de trabalho no setor ""COMERCIO VAREJISTA"" no estado Sergipe revela que o grupo delesões mais comum é relacionado a lesões superficiais e contusões, especialmente nos membros superiores (maos) e inferiores (pernas), frequentemente associadas à mobilidade e ao uso de veículos. Além disso, há um risco aumentado de lesões graves, como fraturas, especialmente quando envolvidas veículos motorizados ou bicicletas.",34
22701,"SERGIPE","CONFECCAO DE ARTIGOS DO VESTUARIO E ACESSORIOS","A análise dos acidentes de trabalho no setor de confecção de artigos do vestuário e acessórios no estado Sergipe revela que a lesão mais comum é a escoriação-abrasão-ferimento superficial, afetando principalmente os dedos (55% dos casos). Além disso, há um risco significativo de acidentes graves, como fraturas, relacionados ao uso de máquinas e veículos, especialmente no município de Itabaiana.",2
22703,"SERGIPE","CONSTRUCAO DE EDIFICIOS","Com base nos dados, é possível identificar um padrão preocupante no setor de construção de edifícios em Sergipe: a maioria dos acidentes ocorre em Aracaju e são relacionados à falta de atenção ao trânsito, uso de máquinas manualmente sem segurança e falhas na manuseio de materiais. Além disso, a frequência de lesões nos membros inferiores e cabeça é alarmante, indicando a necessidade de intensificar os esforços para prevenir esses tipos de acidentes e garantir a segurança dos trabalhadores.",11
22714,"SERGIPE","CORREIO E OUTRAS ATIVIDADES DE ENTREGA","A análise dos acidentes de trabalho no setor ""CORREIO E OUTRAS ATIVIDADES DE ENTREGA"" no estado Sergipe indica que os trabalhadores do sexo masculino são mais afetados por lesões decorrentes do uso de veículos rodoviários motorizados, o que sugere uma possível falta de medidas de segurança adequadas na condução desses veículos. Além disso, a análise revela um padrão de lesões superficiais e traumas não letais, o que pode indicar a necessidade de treinamentos específicos para prevenir essas situações.",2
22716,"SERGIPE","EDUCACAO","Baseado no conjunto de dados, é possível observar que os acidentes de trabalho no setor de educação no estado Sergipe apresentam um padrão de elevada frequência de lesões relacionadas à fratura e queimadura, principalmente na articularação do tornozelo e no tronco. Além disso, é notável a ausência de óbitos e a predominância de agentes químicos e construtivos como principais responsáveis pelas lesões.",2
22718,"SERGIPE","ELETRICIDADE, GAS E OUTRAS UTILIDADES","A análise dos acidentes de trabalho no setor 'ELETRICIDADE, GAS E OUTRAS UTILIDADES' no estado Sergipe revela que o maior risco é a lesão decorrente da colisão com veículos leves, como motocicletas e motoneatas, tendo em vista que a maioria dos casos registrados envolveu homens e ocorreu em Aracaju.",1
22719,"SERGIPE","EXTRACAO DE MINERAIS NAO METALICOS","A análise dos acidentes de trabalho no setor de extração de minerais não metalicos no estado Sergipe revela um padrão de lesões relacionadas à conduta manual, como o uso de martelo e malho, que podem levar a lesões contusas e cortantes. Além disso, há uma tendência para lesões músculo-tendiosas, possivelmente associadas ao uso prolongado de superfícies inclinadas ou desníveis, como o piso de mina.",2
22721,"SERGIPE","FABRICACAO DE BEBIDAS","Com base nos dados, observa-se que a falta de proteção e o uso inadequado de produtos químicos e substâncias nocivas na fabricação de bebidas podem ser um fator de risco importante para lesões e acidentes no estado Sergipe. Além disso, a falta de treinamento e a exposição prolongada à maquinaria podem estar contribuindo para o alto índice de lesões imediatas na perna entre os trabalhadores do setor.",1
22722,"SERGIPE","FABRICACAO DE CELULOSE, PAPEL E PRODUTOS DE PAPEL","A análise dos acidentes de trabalho no setor de fabricação de celulose, papel e produtos de papel em Sergipe revela que os empregados masculinos são mais propensos a sofrer lesões imediatas, com foco em lesões nos dedos e mãos. Além disso, há uma elevada frequência de acidentes relacionados ao uso de máquinas e ferramentas manuais, como serras e serroteiras, o que sugere um risco significativo de trauma corporal não especificado do tórax.",2
22724,"SERGIPE","FABRICACAO DE MOVEIS","A análise dos acidentes de trabalho no setor ""FABRICACAO DE MOVEIS"" no estado Sergipe revela um padrão preocupante: a falta de atenção ao uso correto das escadas móveis ou fixadas pode estar contribuindo para lesões graves, como fraturas, especialmente na perna. Este risco pode ser reduzido com o treinamento e a conscientização dos trabalhadores sobre a importância da segurança no uso dessas estruturas.",1
22725,"SERGIPE","FABRICACAO DE PRODUTOS ALIMENTICIOS","A análise dos acidentes de trabalho no setor de fabricação de produtos alimentícios no estado Sergipe revela um quadro preocupante de lesões e riscos que afetam principalmente homens, especialmente nos municípios de Laranjeiras, Lagarto e Propriá. Além disso, verifica-se uma concentração de acidentes relacionados à manipulação de materiais e máquinas, o que sugere a necessidade de implementar medidas de segurança mais eficazes na área de produção.",18
22743,"SERGIPE","FABRICACAO DE PRODUTOS DE BORRACHA E DE MATERIAL PLASTICO","Com base nos dados, é possível inferir que o setor de fabricação de produtos de borracha e material plástico no estado Sergipe apresenta um risco significativo para lesões cranianas e extremidades, especialmente relacionadas a acidentes com veículos (moto ou motoneta) e objetos pesados (caldeira). Além disso, o município de Simão Dias parece ter uma maior taxa de eventos do que Itabaiana.",2
22745,"SERGIPE","FABRICACAO DE PRODUTOS DE MADEIRA","A análise dos acidentes de trabalho no setor de fabricação de produtos de madeira no estado Sergipe revela que há um padrão de Lesões graves e incapacitantes, frequentemente relacionadas à movimentação de materiais e ao uso de máquinas pesadas. Além disso, a motocicleta/motoneca e veículos em geral também são agentes envolvidos em acidentes laborais nesse setor, o que sugere uma necessidade maior de treinamento e segurança na gestão do trânsito e transporte dentro das instalações fabris.",3
22748,"SERGIPE","FABRICACAO DE PRODUTOS DE METAL, EXCETO MAQUINAS E EQUIPAMENTOS","A análise dos acidentes de trabalho no setor ""FABRICACAO DE PRODUTOS DE METAL, EXCETO MAQUINAS E EQUIPAMENTOS"" no estado Sergipe revela que os trabalhadores masculinos são mais propensos a sofrer lesões graves, com fraturas como principais consequências. Além disso, as superfícies e estruturas do local de trabalho, bem como máquinas específicas (como serras), parecem ser fatores contribuintes para esses acidentes.",2
22750,"SERGIPE","FABRICACAO DE PRODUTOS DE MINERAIS NAO METALICOS","A análise dos acidentes de trabalho no setor de fabricação de produtos de minerais não metálicos no estado Sergipe revela um padrão preocupante de lesões causadas por gases encanados de carvão e superfaces e estruturas, o que sugere uma alta exposição a substâncias tóxicas e riscos mecânicos. Além disso, nota-se uma frequência relativamente elevada de lesões nos membros inferiores e no pênis, o que pode indicar problemas de ergonomia ou inadequação dos procedimentos laborais.",7
22757,"SERGIPE","FABRICACAO DE PRODUTOS QUIMICOS","A análise dos acidentes de trabalho no setor de fabricação de produtos químicos no estado Sergipe revela um padrão de lesões mais frequentemente relacionadas à manipulação e uso de máquinas, bem como ao transporte e logística. Isso sugere que a falta de treinamento adequado em segurança operacional e o uso imprudente de motocicletas ou veículos podem estar contribuindo para os acidentes.",5
22766,"SERGIPE","MANUTENCAO, REPARACAO E INSTALACAO DE MAQUINAS E EQUIPAMENTOS","A análise dos acidentes de trabalho no setor de manutenção, reparação e instalação de máquinas e equipamentos no estado Sergipe revela que há um risco significativo associado ao uso de animais vivos na região, especialmente em áreas rurais como Japaratinguba. Isso sugere a necessidade de implementar medidas de segurança específicas para prevenir acidentes envolvendo animais em locais de trabalho.",1
22767,"SERGIPE","OBRAS DE INFRAESTRUTURA","Com base no conjunto de acidentes de trabalho no setor ""OBRAS DE INFRAESTRUTURA"" no estado Sergipe, é possível identificar que houve uma concentração de lesões relacionadas a quedas e contusões superficiais em áreas como o cranio, mão e perna, sugerindo riscos associados ao trabalho em altura ou com movimento de materiais. Além disso, a presença de agentes como torre, poste, andaim e veículo sugere uma elevada exposição aos riscos relacionados à mobilidade e ao transporte de carga na construção civil.",4
22771,"SERGIPE","OUTRAS ATIVIDADES PROFISSIONAIS, CIENTIFICAS E TECNICAS","A análise dos acidentes de trabalho no setor ""OUTRAS ATIVIDADES PROFISSIONAIS, CIENTIFICAS E TECNICAS"" no estado Sergipe revela um padrão preocupante: a frequência de lesões corporais relacionadas à manipulação de substâncias ou materiais, como frutas e derivados, que envolvem riscos para a integridade física dos trabalhadores. Além disso, a falta de proteção individual adequada e a ausência de medidas de segurança eficazes podem estar contribuindo para o aumento desses acidentes.",1
22772,"SERGIPE","PREPARACAO DE COUROS E FABRICACAO DE ARTEFATOS DE COURO, ARTIGOS PARA VIAGEM E CALCADOS","A análise dos acidentes de trabalho no setor ""Preparação de Couros e Fabricação de Artifatos de Couro, Artigos para Viagem e Calçados"" no estado Sergipe revela que o principal agente de risco é a máquina de costurar e de pêsponter, responsável por 2/5 dos acidentes, seguida da motocicleta/motoneta e bicicleta, que são os principais agentes de risco em trajetos.",6
22778,"SERGIPE","PUBLICIDADE E PESQUISA DE MERCADO","A análise dos acidentes de trabalho no estado Sergipe, no setor ""Publicidade e Pesquisa de Mercado"", revela que há um padrão preocupante de lesões graves e fatais relacionadas ao uso de veículos motorizados (moto cicleta e motoneta) em trajetos. Isso sugere uma falta de conscientização sobre a segurança no trânsito e a necessidade de implementar medidas para reduzir os riscos associados à mobilidade nos locais de trabalho.",1
22779,"SERGIPE","SEGUROS, RESSEGUROS, PREVIDENCIA COMPLEMENTAR E PLANOS DE SAUDE","Com base nos dados, é possível notar que o setor de seguros e previdência complementar apresenta um risco relativamente alto de lesões múltiplas, especialmente em trabalhadores masculinos envolvidos em acidentes de trânsito não especificados. Além disso, a cidade de Aracaju parece ser um local com um maior número de ocorrências desses tipos de acidentes.",2
22781,"SERGIPE","SELECAO, AGENCIAMENTO E LOCACAO DE MAO DE OBRA","A análise dos acidentes de trabalho no setor ""SELECAO, AGENCIAMENTO E LOCACAO DE MAO DE OBRA"" no estado Sergipe revela que os riscos mais significativos estão relacionados à mobilidade e ao uso de máquinas, como a utilização de motocicletas e caldeiras. Além disso, nota-se uma falta de previsão e intervenção efetiva para evitar lesões imediatas, o que sugere a necessidade de reforçar a cultura de segurança no setor.",2
22783,"SERGIPE","SERVICOS DE ASSISTENCIA SOCIAL SEM ALOJAMENTO","A análise dos acidentes de trabalho no setor de serviços de assistência social sem alojamento em Sergipe revela que os empregados femininos estão mais propensos a sofrer lesões por contusão e esmagamento, particularmente nos punhos e mãos. Isso sugere um risco elevado de lesões osteomusculares e articulares associadas ao trabalho em superfícies irregulares ou desiguais, como chão desnivelado ou irregularidade na superfície utilizada para sustentar pessoas.",1
22784,"SERGIPE","SERVICOS DE ESCRITORIO, DE APOIO ADMINISTRATIVO E OUTROS SERVICOS PRESTADOS PRINCIPALMENTE AS EMPRESAS","A análise dos acidentes de trabalho no setor ""Serviços de Escritório, de Apoio Administrativo e Outros Serviços Prestados Principalmente às Empresas"" no estado Sergipe revela que os principais riscos são relacionados à movimentação por trajeto (trajecto) e ao uso de máquinas e veículos como agentes causadores de lesões. Além disso, nota-se uma tendência para lesões nas extremidades inferiores e superiores, especialmente no membro inferior.",6
22790,"SERGIPE","SERVICOS ESPECIALIZADOS PARA CONSTRUCAO","Com base nos dados, é possível identificar que o setor de Serviços Especializados para Construção no estado Sergipe apresenta um padrão de acidentes relacionados à lesões superficiais e traumas múltiplos, muitas vezes associados ao uso de máquinas, veículos e superfícies não estáveis. Além disso, há uma concentração de ocorrências em Aracaju, sugerindo que as condições de trabalho e os riscos laborais podem ser mais elevados nessa região específica.",7
22797,"SERGIPE","SERVICOS PARA EDIFICIOS E ATIVIDADES PAISAGISTICAS","A análise dos acidentes de trabalho no setor ""Serviços para Edifícios e Atividades Paisagísticas"" no estado Sergipe revela que o local mais afetado foi a cidade de Aracaju, onde ocorreram 9 dos 10 casos registrados. Além disso, a maioria das lesões (8/10) foi classificada como ""típica"", sugerindo uma falta de adequação dos procedimentos de segurança e controle no local de trabalho, o que aumenta o risco de acidentes.",12
22809,"SERGIPE","TELECOMUNICACOES","Com base nos acidentes de trabalho registrados no setor de telecomunicações no estado Sergipe, é possível identificar um padrão de risco associado ao uso de escadas móveis ou fixadas, que parece ser o agente responsável por grande parte dos incidentes. Além disso, há uma tendência para lesões múltiplas e afetando partes do corpo como braço, ombro, dorso e joelho, o que sugere a necessidade de implementar medidas de segurança mais eficazes para reduzir os riscos inerentes ao trabalho em altura.",5
22814,"SERGIPE","TRANSPORTE TERRESTRE","A análise dos acidentes de trabalho no setor ""TRANSPORTE TERRESTRE"" no estado Sergipe revela que o risco mais frequente é a lesão por contusão esmagamento superfície cutanea intacta, geralmente associada ao uso de máquinas e ferramentas (maquinaria) em locais como depósitos e oficinas. Além disso, a análise sugere que os acidentes mais comuns ocorrem em municípios como Aracaju e Estância, possivelmente devido à concentração de infraestruturas rodoviárias e industriais nestas áreas.",4
22818,"SÃO PAULO","ADMINISTRACAO PUBLICA, DEFESA E SEGURIDADE SOCIAL","A análise dos acidentes de trabalho no setor ""ADMINISTRACAO PUBLICA, DEFESA E SEGURIDADE SOCIAL"" no estado de São Paulo revela que o risco mais comum é relacionado ao uso de superfícies inadequadas para sustentação das pessoas (chão), seguido pelo uso de máquinas e animais vivos. Além disso, a presença de veículos rodoviários motorizados também parece ser um fator importante na ocorrência de acidentes nesse setor.",687
23505,"SÃO PAULO","AGENCIAS DE VIAGENS, OPERADORES TURISTICOS E SERVICOS DE RESERVAS","O setor de agências de viagens, operadores turísticos e serviços de reservas no estado de São Paulo registra um padrão preocupante de acidentes relacionados ao uso de veículos (motocicletas, motonetas) e máquinas (britador, moinho), que podem ser associados à falta de treinamento ou infraestrutura inadequada para o transporte de agentes. Além disso, a lesão mais comum é a fratura, especialmente no membro inferior, o que sugere uma necessidade de melhoria na segurança e no controle do risco laboral nessa atividade.",6
23511,"SÃO PAULO","AGRICULTURA, PECUARIA E SERVICOS RELACIONADOS","A análise dos acidentes de trabalho no setor ""AGRICULTURA, PECUARIA E SERVICOS RELACIONADOS"" no estado de São Paulo revela que os trabalhadores machos estão mais suscetíveis a lesões e ferimentos, especialmente na parte superior do corpo, como braço e dedo. Além disso, as lesões por tração e distensão torácica também são frequentes nesse setor, o que sugere uma necessidade de atenção especial para a prevenção de lesões relacionadas à mobilidade e ao esforço físico.",240
24748,"SÃO PAULO","ALOJAMENTO","A análise dos acidentes de trabalho no setor ""ALOJAMENTO"" no estado de São Paulo revela que o principal agente de risco é a motocicleta e motoneta, responsável por aproximadamente 40% dos casos registrados. Além disso, nota-se uma tendência para lesões envolvendo membros inferiores (pernas) e superiores (bracos), o que sugere um maior risco de acidentes relacionados ao transporte e mobilidade no local de trabalho.",131
24879,"SÃO PAULO","ALUGUEIS NAO IMOBILIARIOS E GESTAO DE ATIVOS INTANGIVEIS NAO FINANCEIROS","A análise dos acidentes de trabalho no setor ""Alugueis não imobiliários e gestão de ativos intangíveis não financeiros"" no estado de São Paulo revela que os principais riscos são relacionados à lesões em membros inferiores, especialmente nas partes articuladas do tornozelo e perna. Além disso, a análise sugere que as lesões mais comuns são aquelas decorrentes de acidentes típicos, como quedas e distensões, que podem ser prevenidas com medidas de segurança adequadas e treinamento para os trabalhadores.",175
25468,"SÃO PAULO","ATIVIDADES DE ATENCAO A SAUDE HUMANA","A análise dos acidentes de trabalho no setor de atenções a saúde humana no estado de São Paulo revela que a maioria das lesões é resultado de acidentes típicos, relacionados ao uso de equipamentos elétricos e produtos animais. Além disso, houve um aumento significativo da ocorrência de lesões imediatas relacionadas à dor articular e quedas em níveis residenciais.",3616
25054,"SÃO PAULO","ARMAZENAMENTO E ATIVIDADES AUXILIARES DOS TRANSPORTES","Baseado nos dados, é possível perceber que o setor ""Armacenamento e Atividades Auxiliares dos Transportes"" no estado de São Paulo apresenta um risco elevado de lesões ligadas a acidentes com frutas e derivados, motocicletas e veículos rodoviários motorizados. Além disso, há uma tendência para lesões que afetam membros inferiores e superfície cutânea intacta, o que pode indicar falta de adequação de medidas de segurança e treinamento em áreas como escalada móvel ou fixada e conduta de veículos motorizados.",362
25416,"SÃO PAULO","ATIVIDADES ARTISTICAS, CRIATIVAS E DE ESPETACULOS","A análise dos acidentes de trabalho no setor de Atividades Artísticas, Criativas e de Espetaculos no estado de São Paulo revela um padrão preocupante: a maioria das lesões (7/10) ocorreu em indivíduos masculinos, com predominância de lesões na perna ou braço (5/10).",13
25429,"SÃO PAULO","ATIVIDADES AUXILIARES DOS SERVICOS FINANCEIROS, SEGUROS, PREVIDENCIA COMPLEMENTAR E PLANOS DE SAUDE","A análise dos acidentes de trabalho no setor ""ATIVIDADES AUXILIARES DOS SERVICOS FINANCEIROS, SEGUROS, PREVIDENCIA COMPLEMENTAR E PLANOS DE SAUDE"" no estado de São Paulo revela um padrão preocupante: a maioria das lesões (60%) ocorreu em trabalhadores do sexo feminino, o que sugere uma possível falta de atenção à segurança e saúde dos funcionários do gênero feminino nesse setor.

Além disso, verifica-se uma concentração de lesões na perna e joelho, especialmente aquelas relacionadas a distensão torcada e contusões, o que pode indicar a necessidade de treinamentos específicos para prevenir essas lesões e melhorar a segurança no local de trabalho.",28
25457,"SÃO PAULO","ATIVIDADES CINEMATOGRAFICAS, PRODUCAO DE VIDEOS E DE PROGRAMAS DE TELEVISAO; GRAVACAO DE SOM E EDICAO DE MUSICA","Baseado nos dados, é possível identificar que o setor de Atividades Cinematográficas, Produção de Vídeos e Programas de Televisão; Gravação de Som e Edição de Música apresenta riscos relativamente elevados para lesões e acidentes de trabalho relacionados a atividades típicas de trajecto (como quedas ou acidentes com veículos) e intervenções mecânicas (como uso de maquinas e equipamentos). Além disso, os dados sugerem que as lesões mais frequentes estão relacionadas ao sistema muscular e ósseo, o que pode indicar a necessidade de melhores práticas de segurança e treinamento para prevenir essas situações.",6
25463,"SÃO PAULO","ATIVIDADES DE APOIO A EXTRACAO DE MINERAIS","Baseado nos dados, é possível identificar que o setor de atividades de apoio à extração de minerais no estado de São Paulo apresenta um risco elevado para lesões relacionadas a movimentos repetitivos e distensão muscular, especialmente na articulação do tornozelo. Além disso, a análise sugere que as superfícies e estruturas trabalhadas por esses profissionais podem ser um fator contributivo para essas lesões.",1
29080,"SÃO PAULO","ATIVIDADES DE ATENCAO A SAUDE HUMANA INTEGRADAS COM ASSISTENCIA SOCIAL, PRESTADAS EM RESIDENCIAS COLETIVAS E PARTICULARES","Os dados apontam que a maioria dos acidentes de trabalho no setor de atendimento à saúde humana no estado de São Paulo é relacionada a lesões imediatas, com destaque para as áreas da cabeça, dedos e articulação do tornozelo. Além disso, os dados sugerem que a maioria dos acidentes está associada ao uso de agentes do acidente (como objetos cortantes ou animais) e à falta de atenção às condições de trabalho.",130
29499,"SÃO PAULO","ATIVIDADES DE PRESTACAO DE SERVICOS DE INFORMACAO","A análise dos acidentes de trabalho no setor ""ATIVIDADES DE PRESTACAO DE SERVICOS DE INFORMACAO"" no estado de São Paulo revela que os principais riscos envolvem lesões relacionadas a movimentos erráticos, como escorregamentos e quedas, bem como acidentes com veículos em trânsito. Além disso, há uma tendência notável de lesões na cabeça e mãos, o que pode ser indicativo de falta de treinamento ou proteção adequadas para essas áreas do corpo.",39
29538,"SÃO PAULO","ATIVIDADES DE RADIO E DE TELEVISAO","A análise dos acidentes de trabalho no setor de atividades de rádio e televisão no estado de São Paulo revela um padrão preocupante de lesões relacionadas a movimentos trajectórios (moto cicleta, motoneta) e uso de máquinas e ferramentas manuais (serra, alicate, torques, tenaz), especialmente na parte inferior do corpo. Além disso, a frequência de lesões em superfícies utilizadas para sustentação de pessoas (chao) também merece atenção especial.",15
29553,"SÃO PAULO","ATIVIDADES DE SEDES DE EMPRESAS E DE CONSULTORIA EM GESTAO EMPRESARIAL","A análise dos acidentes de trabalho no setor ""ATIVIDADES DE SEDES DE EMPRESAS E DE CONSULTORIA EM GESTAO EMPRESARIAL"" no estado de São Paulo revela que o maior risco é a lesão por corte ou abrasão, especialmente na mão e dedos. Além disso, há uma tendência para acidentes relacionados à mobilidade, como quedas e contusões, o que sugere a necessidade de treinamento e atenção especializada em segurança para os funcionários desse setor.",39
29592,"SÃO PAULO","ATIVIDADES DE SERVICOS FINANCEIROS","A análise dos acidentes de trabalho no setor de atividades financeiras em São Paulo revela que a maioria das lesões foi causada por movimentação (trajecto) e envolveu agentes como motocicletas, escadas móveis ou fixadas. Além disso, houve uma alta frequência de lesões em membros superiores e ossos do tarso, sugerindo que os profissionais do setor podem estar expostos a riscos físicos enquanto realizam suas atividades rotineiras.",80
29672,"SÃO PAULO","ATIVIDADES DE VIGILANCIA, SEGURANCA E INVESTIGACAO","A análise dos acidentes de trabalho no estado de São Paulo, especificamente no setor de atividades de vigilância, segurança e investigação, revela um padrão de lesões mais comuns relacionadas à mobilidade e ao uso de máquinas e equipamentos. Além disso, há uma tendência a ocorrências de lesões graves em diferentes partes do corpo, especialmente nos membros inferiores.

Isso sugere que é fundamental implementar medidas de segurança para prevenir acidentes relacionados à mobilidade e ao uso de máquinas e equipamentos, bem como fornecer treinamento adequado para os funcionários a respeito da manipulação segura dessas ferramentas. Além disso, é importante realizar análises mais detalhadas sobre as lesões graves ocorridas em diferentes partes do corpo para identificar áreas que requerem maior atenção e intervenção preventiva.",240
29912,"SÃO PAULO","ATIVIDADES DOS SERVICOS DE TECNOLOGIA DA INFORMACAO","A análise dos acidentes de trabalho no setor ""ATIVIDADES DOS SERVICOS DE TECNOLOGIA DA INFORMACAO"" no estado São Paulo revela um padrão preocupante de lesões ligadas à mobilidade e ao contato com objetos ou superfícies, como escoriações e fraturas. Além disso, a análise sugere que os acidentes podem ser facilmente preveníveis com medidas de segurança simples e ações de conscientização dos trabalhadores sobre os riscos envolvidos.",74
29986,"SÃO PAULO","ATIVIDADES ESPORTIVAS E DE RECREACAO E LAZER","Com base nos dados, é possível identificar que a atividade com maior frequência como agente de acidente é a motocicleta/motoneta (50%), seguida da superfície utilizada para sustentar pessoas (15%) e edificios/estruturas (10%). Além disso, os danos mais frequentemente reportados são lesões no dedo e face, o que pode indicar a necessidade de medidas preventivas específicas para essas áreas do corpo.",121
30107,"SÃO PAULO","ATIVIDADES IMOBILIARIAS","A análise dos acidentes de trabalho no setor ""Atividades Imobiliárias"" no estado de São Paulo revela que o maior risco é a lesão por contusão e esmagamento superficial da pele, especialmente na perna e articulação do tornozelo. Além disso, há uma tendência para acidentes relacionados à motocicleta e veículos motorizados, o que sugere a importância de investir em medidas de segurança para os trabalhadores que utilizam essas modalidades de transporte no local de trabalho.",44
47091,"SÃO PAULO","TELECOMUNICACOES","A análise dos acidentes de trabalho no setor de telecomunicações no estado de São Paulo revela que o principal agente responsável por lesões e acidentes é a máquina ou estrutura (44,4%), seguida pelo veículo (18,5%). Além disso, os dados sugerem uma tendência para lesões em membros inferiores e superiores, com destaque para as lesões na cabeça e dorso.",95
30151,"SÃO PAULO","ATIVIDADES JURIDICAS, DE CONTABILIDADE E DE AUDITORIA","A análise dos acidentes de trabalho no setor ""ATIVIDADES JURIDICAS, DE CONTABILIDADE E DE AUDITORIA"" no estado de São Paulo indica que os riscos mais frequentes são relacionados à Superfície e Estrutura (3 casos), seguidos da Escada Móvel ou Fixada (2 casos) e Fruta e Derivados (2 casos). Além disso, a maioria dos acidentes (6/10) foi classificada como ""Trajeção"", o que sugere uma tendência para situações em que os trabalhadores estão envolvidos em movimento ou transporte.",61
30223,"SÃO PAULO","ATIVIDADES VETERINARIAS","A análise dos acidentes de trabalho no setor ""ATIVIDADES VETERINARIAS"" no estado de São Paulo revela que há um elevado risco associado ao contato com animais vivos, sendo a mora e golpe provocados por esses animais a causa mais frequente de lesões. Além disso, a análise sugere também uma necessidade de se adoptar medidas para prevenir lesões causadas pela manipulação de embalagens e recipientes vazios ou cheios.",25
30212,"SÃO PAULO","ATIVIDADES LIGADAS AO PATRIMONIO CULTURAL E AMBIENTAL","Baseado nos dados fornecidos, nota-se que o setor de Atividades Ligadas ao Patrimônio Cultural e Ambiental no estado de São Paulo apresenta um risco elevado de lesões muscular-esqueléticas e contusões, especialmente nas partes superiores do corpo (membros superiores e joelhos) e em áreas como dedos e pés. Além disso, há uma tendência para acidentes envolvendo movimento brusco ou tração, como motocicletas ou britadores.",7
32134,"SÃO PAULO","COMERCIO VAREJISTA","A análise dos acidentes de trabalho no setor ""COMERCIO VAREJISTA"" no estado de São Paulo revela que o maior risco é a lesão por trauma contuso ou lacerante, especialmente nos membros superiores e inferiores. Além disso, há uma tendência para os acidentes envolverem agentes mecânicos (maquinas, serras, motocicletas) e ocorrerem em meio urbanizado, principalmente na região metropolitana de São Paulo.",2866
30244,"SÃO PAULO","CAPTACAO, TRATAMENTO E DISTRIBUICAO DE AGUA","Com base nos dados, é possível identificar que o setor de captação, tratamento e distribuição de água no estado de São Paulo apresenta um padrão de acidentes relacionados ao uso de máquinas e ferramentas manuais, como serras e martelos, bem como a superação de superfícies utilizadas para sustentar pessoas (chão). Além disso, é notável a ocorrência de lesões mais graves, como fraturas e amputações, frequentemente associadas ao uso de veículos rodoviários motorizados.",40
30284,"SÃO PAULO","COLETA, TRATAMENTO E DISPOSICAO DE RESIDUOS; RECUPERACAO DE MATERIAIS","Baseado nos dados, é possível identificar que os acidentes de trabalho no setor ""Coleta, Tratamento e Disposição de Residuos; Recuperação de Materiais"" no estado de São Paulo apresentam um padrão de risco relacionado às lesões cutâneas e superficiais, especialmente na perna e joelho. Além disso, é notável a presença de agentes que podem ser considerados ""anormais"", como animais vivos e substâncias químicas, o que sugere a necessidade de medidas preventivas específicas para minimizar esses riscos.",357
30653,"SÃO PAULO","COMERCIO E REPARACAO DE VEICULOS AUTOMOTORES E MOTOCICLETAS","A análise dos acidentes de trabalho no setor ""Comércio e Reparação de Veículos Automotivos e Motocicletas"" no estado de São Paulo indica que existem padrões de risco relacionados à lesão imediata e distensão torçao, especialmente nas áreas do braço, perna e membros inferiores. Além disso, a presença de agentes específicos como caldeira, vaso sob pressão, motocicleta e bicicleta parece estar associada a uma maior frequência de lesões graves.",445
31086,"SÃO PAULO","COMERCIO POR ATACADO, EXCETO VEICULOS AUTOMOTORES E MOTOCICLETAS","A análise dos acidentes de trabalho no setor ""Comércio por atacado, exceto veículos automotivos e motocicletas"" no estado de São Paulo revela que os principais riscos são relacionados à lesões causadas por objetos ou máquinas (60% dos casos), enquanto as lesões causadas por animais vivos representam cerca de 15% dos acidentes. Além disso, há um padrão preocupante de lesões nos membros superiores e na cabeça, o que sugere a necessidade de implementar medidas de segurança específicas para essas áreas do corpo.",1043
34995,"SÃO PAULO","CONFECCAO DE ARTIGOS DO VESTUARIO E ACESSORIOS","A análise dos acidentes de trabalho no setor de confecção de artigos do vestuário e acessórios no estado de São Paulo revela que a maioria das lesões é causada por máquinas e equipamentos, como prensas, máquinas textiles e máquinas de costurar. Além disso, os acidentes ocorrem frequentemente em áreas do corpo expostas, como mãos, dedos e pernas.",147
35142,"SÃO PAULO","CONSTRUCAO DE EDIFICIOS","Os acidentes de trabalho no setor de construção de edifícios no estado de São Paulo apresentam um alto risco de lesões múltiplas e graves, principalmente nos membros inferiores e torso, relacionadas à falhas na superfície utilizada para sustentação de pessoas, estruturas e materiais incandescentes ou quentes. Além disso, há uma tendência a lesões causadas por agentes mecânicos, como cordas, cabos e ferramentas manuais sem força motriz.",377
35519,"SÃO PAULO","CORREIO E OUTRAS ATIVIDADES DE ENTREGA","A análise dos acidentes de trabalho no setor ""Correio e outras atividades de entrega"" no estado de São Paulo revela um padrão preocupante: a lesão imediata nic (Lesão Imediata Não Classificada) é o tipo mais comum de lesão, ocorrendo em 7 dos 10 casos registrados, com agente principal sendo o gas encanado de carvão. Isso sugere um alto risco de exposição a agentes químicos perigosos para os trabalhadores nesse setor.",156
35675,"SÃO PAULO","DESCONTAMINACAO E OUTROS SERVICOS DE GESTAO DE RESIDUOS","A análise dos acidentes de trabalho no setor de descontaminação e outros serviços de gestão de resíduos no estado de São Paulo revela que a lesão mais comum é a escoriação abrasiva ferimento superficial, geralmente afetando o antebraço. Isso sugere que os trabalhadores estão expostos a riscos mecânicos e físicos durante as operações manuais sem uso de força motriz, o que pode ser mitigado com treinamento e adoção de procedimentos seguros de manipulação de materiais.",1
35676,"SÃO PAULO","EDICAO E EDICAO INTEGRADA A IMPRESSAO","A análise dos acidentes de trabalho no setor ""EDICAO E EDICAO INTEGRADA A IMPRESSAO"" no estado de São Paulo revela que a maioria das lesões é imediata e ocorre em funcionários masculinos, com destaque para lesões nas mãos, braços e pés. Além disso, os dados sugerem um risco elevado relacionado à utilização de máquinas e veículos motorizados, bem como ao uso de ferramentas manuais sem força motriz.",15
35691,"SÃO PAULO","EDUCACAO","**Insight**

Os acidentes de trabalho no setor de Educação em São Paulo apresentam um padrão significativo de lesões relacionadas a quedas e distensões, bem como ao uso de superfícies não padronizadas (como chão e tapetes) e ao transporte rodoviário. Além disso, é perceptível um risco aumentado para as mulheres trabalhadoras no setor educacional, o que sugere a necessidade de ações preventivas específicas para esse grupo.",642
36333,"SÃO PAULO","ELETRICIDADE, GAS E OUTRAS UTILIDADES","A análise dos acidentes de trabalho no setor de Eletricidade, Gas e Outras Utilidades no estado de São Paulo revela que o maior risco é a exposição a situações de trânsito, com 30% das lesões ocorrendo em decorrência de acidentes envolvendo motocicletas e motonetas. Além disso, os acidentes relacionados à utilização de máquinas e equipamentos também são frequentes, o que destaca a importância da adoção de medidas de segurança adequadas para prevenir esses tipos de incidentes.",36
36369,"SÃO PAULO","ESGOTO E ATIVIDADES RELACIONADAS","Baseado no conjunto de dados, é possível identificar que o setor ""Esgoto e Atividades Relacionadas"" apresenta um alto índice de lesões por causas mecânicas (maquinas, serras, ferramentas), com uma grande parte das ocorrências relacionadas a acidentes envolvendo membros superiores e inferiores. Além disso, é perceptível um padrão de risco associado ao uso de veículos motorizados (motochicleta, motoneta) e à manipulação de materiais pesados ou perigosos em áreas urbanas.",15
39816,"SÃO PAULO","FABRICACAO DE PRODUTOS DE MADEIRA","A análise dos acidentes de trabalho no setor de fabricação de produtos de madeira no estado de São Paulo revela que os principais agentes envolvidos são máquinas e ferramentas manuais, como serras, serrões e martelos. Além disso, as lesões mais frequentes ocorrem nos membros inferiores e mãos, o que sugere uma elevada exposição a riscos físicos e mecânicos no local de trabalho.",117
36384,"SÃO PAULO","EXTRACAO DE MINERAIS NAO METALICOS","A análise dos acidentes de trabalho no setor de EXTRAÇÃO DE MINERAIS NÃO METÁLICOS no estado de São Paulo revela que a maioria dos casos é caracterizada por lesões causadas por máquinas e veículos, como peneiras mecânicas, maquinários separadores e veículos motorizados. Além disso, a falta de informação sobre o gênero do trabalhador em um caso específico também apresenta um risco anômalo, indicando a possibilidade de erros na coleta ou registro dos dados.",45
36429,"SÃO PAULO","FABRICACAO DE BEBIDAS","A análise dos acidentes de trabalho no setor de fabricação de bebidas no estado de São Paulo revela um padrão preocupante de lesões relacionadas a equipamentos e máquinas, como serras e caldeiras, bem como exposição à substância química. Além disso, há uma frequência razoável de acidentes envolvendo movimento de peças do corpo, como fraturas e contusões, sugerindo uma cultura de risco no ambiente de trabalho.",59
36488,"SÃO PAULO","FABRICACAO DE CELULOSE, PAPEL E PRODUTOS DE PAPEL","A análise dos acidentes de trabalho no setor ""FABRICACAO DE CELULOSE, PAPEL E PRODUTOS DE PAPEL"" no estado de São Paulo revela que a maioria das lesões são relacionadas à manipulação de máquinas e ferramentas (72%), com destaque para ferimentos superficiais e lesões nos dedos e mãos. Além disso, observa-se uma alta frequência de acidentes ocorrendo em trajeto, ou seja, durante o deslocamento do trabalhador entre diferentes áreas da fábrica ou dentro dos próprios equipamentos.",194
36682,"SÃO PAULO","FABRICACAO DE COQUE, DE PRODUTOS DERIVADOS DO PETROLEO E DE BIOCOMBUSTIVEIS","Com base nos dados, podemos observar que houve uma concentração de acidentes relacionados a lesões por ferramentas manuais (faca e serras) e superfícies utilizadas para sustentação (chão). Além disso, também foi identificado um risco maior para os membros inferiores e dedos, o que pode ser atribuído à natureza do trabalho envolvido na fabricação de coque e produtos derivados do petróleo.",87
36769,"SÃO PAULO","FABRICACAO DE EQUIPAMENTOS DE INFORMATICA, PRODUTOS ELETRONICOS E OPTICOS","A análise dos acidentes de trabalho no setor de fabricação de equipamentos de informática, produtos eletrónicos e ópticos no estado de São Paulo indica que a maioria das lesões é resultado de acidentes tipo ""típico"" (72%), com lesões mais frequentemente relacionadas à mãos e dedos. Além disso, há um risco elevado de lesões decorrentes de veículos em trânsito não especificados (15%).",34
36803,"SÃO PAULO","FABRICACAO DE MAQUINAS E EQUIPAMENTOS","A análise dos acidentes de trabalho no setor de fabricação de máquinas e equipamentos em São Paulo revela que a maioria dos casos envolve lesões causadas por agentes mecânicos, como ferramentas manuais sem força motriz, serras e máquinas, o que sugere uma falta de treinamento ou atenção na segurança operacional. Além disso, é notável a presença de lesões relacionadas ao transporte, como acidentes de motocicleta e motoneta, o que indica riscos inerentes à mobilidade dos trabalhadores.",626
37809,"SÃO PAULO","FABRICACAO DE OUTROS EQUIPAMENTOS DE TRANSPORTE, EXCETO VEICULOS AUTOMOTORES","A análise dos acidentes de trabalho no setor de fabricação de outros equipamentos de transporte, exceto veículos automotivos, no estado de São Paulo, revela que as lesões mais comuns são fraturas e ferimentos superficiais, especialmente na perna e dedos. Além disso, é perceptível um risco elevado associado ao uso de máquinas e ferramentas manuais, bem como a falta de atenção à segurança em trânsito.",37
37429,"SÃO PAULO","FABRICACAO DE MAQUINAS, APARELHOS E MATERIAIS ELETRICOS","A análise dos acidentes de trabalho no setor de fabricação de máquinas, aparelhos e materiais elétricos no estado de São Paulo revela que a maioria dos casos envolve lesões por trauma físico (cortes, ferimentos, luxações) causadas por agente externo (veículos, máquinas, prensas), o que indica um risco elevado de acidentes laborais relacionados à segurança e proteção no local de trabalho. Além disso, é possível notar uma concentração de acidentes em áreas específicas do corpo (mão, perna, cabeça) e na presença de agentes externos como máquinas, veículos e edifícios, o que sugere a importância da implementação de medidas preventivas e treinamento para os trabalhadores envolvidos nesse setor.",171
37600,"SÃO PAULO","FABRICACAO DE MOVEIS","A análise dos acidentes de trabalho no setor de fabricação de móveis no estado de São Paulo revela um padrão preocupante de lesões causadas por agentes mecânicos e térmicos, como caldeira, vaso sob pressão, prensa-máquina e fogo. Além disso, a maior parte dos acidentes (80%) ocorreu no âmbito do trajeto (percurso) entre as atividades laborais, sugerindo uma necessidade de intensificar medidas de segurança e prevenção para reduzir os riscos durante o transporte ou mobilidade no local de trabalho.",201
37844,"SÃO PAULO","FABRICACAO DE PRODUTOS ALIMENTICIOS","A análise dos acidentes de trabalho no setor de fabricação de produtos alimentícios no estado de São Paulo revela que há um elevado número de lesões relacionadas à uso de máquinas e ferramentas manuais, como serras e facas. Além disso, é notável a frequência de lesões por quedas e luxações, o que pode indicar a necessidade de melhorias na segurança dos processos e no treinamento das equipes trabalhadoras.",1242
39080,"SÃO PAULO","FABRICACAO DE PRODUTOS DE BORRACHA E DE MATERIAL PLASTICO","A análise dos acidentes de trabalho no setor de fabricação de produtos de borracha e material plástico no estado de São Paulo revela um padrão preocupante: a maioria das lesões ocorrem por distensão torçoa, principalmente em membros superiores e pernas. Além disso, é notável a frequência de lesões relacionadas à maquinaria e veículos, o que sugere riscos críticos associados ao uso inadequado ou falho desses elementos no ambiente de trabalho.",736
39933,"SÃO PAULO","FABRICACAO DE PRODUTOS DE METAL, EXCETO MAQUINAS E EQUIPAMENTOS","A análise dos acidentes de trabalho no setor de fabricação de produtos de metal, exceto máquinas e equipamentos, no estado de São Paulo revela que houve uma predominância de lesões graves e incapacitantes, especialmente nas mãos e dedos, causadas pela exposição a agentes perigosos como serras, máquinas e ferramentas manuais. Além disso, observou-se um aumento da freqüência de acidentes relacionados ao trânsito, o que sugere a necessidade de medidas para reduzir os riscos associados à mobilidade nos locais de trabalho.",612
40545,"SÃO PAULO","FABRICACAO DE PRODUTOS DE MINERAIS NAO METALICOS","A análise dos acidentes de trabalho no setor de fabricação de produtos de minerais não metálicos em São Paulo revela que a maioria dos incidentes envolve machucados nos membros superiores e inferiores, com uma grande proporção de lesões por corte ou contusão. Além disso, é perceptível um padrão de uso excessivo de máquinas e veículos, o que aumenta o risco de acidentes graves e potencialmente fatais.",350
40895,"SÃO PAULO","FABRICACAO DE PRODUTOS DIVERSOS","A análise dos acidentes de trabalho no setor ""FABRICACAO DE PRODUTOS DIVERSOS"" no estado de São Paulo revela um padrão preocupante: a falta de segurança em operações que envolvem ferramentas manuais, como facas e ferramentas sem força motriz, é um dos principais agentes responsáveis por lesões graves e rotineiras. Além disso, é importante destacar a elevada proporção de acidentes ocorridos em operações que envolvem movimento, como veículos e escadas móveis ou fixas, o que sugere a necessidade de maior atenção para a segurança em ambientes laborais onde haja movimentação.",163
41068,"SÃO PAULO","FABRICACAO DE PRODUTOS FARMOQUIMICOS E FARMACEUTICOS","A análise dos acidentes de trabalho no setor de fabricação de produtos farmacêuticos e químicos no estado de São Paulo revela um padrão preocupante de lesões relacionadas à mobilidade e ao contato com superfícies, como escoriações e contusões. Além disso, nota-se uma frequência significativa de lesões nos dedos e mãos, o que pode indicar a necessidade de reforço na implementação de medidas preventivas específicas para prevenir esses tipos de incidentes.",83
41058,"SÃO PAULO","FABRICACAO DE PRODUTOS DO FUMO","A análise dos acidentes de trabalho no setor ""FABRICACAO DE PRODUTOS DO FUMO"" no estado SÃO PAULO revela que o uso indevido ou impróprio de ferramentas manuais sem força motriz, como facas e fáceis, é um risco comum e potencialmente letal para os trabalhadores, especialmente quando envolvidos em atividades típicas do sexo masculino. Além disso, a falta de treinamento ou atenção adequada pode levar a lesões graves, como cortes e contusões, principalmente nas pernas e pés.",1
41448,"SÃO PAULO","FABRICACAO DE PRODUTOS TEXTEIS","A análise dos acidentes de trabalho no setor de fabricação de produtos textiles no estado de São Paulo revela que o principal agente responsável por lesões é a máquina textil, responsável por aproximadamente 60% dos casos. Além disso, a frequência de lesões nos dedos e membros superiores é alta, o que sugere uma necessidade de melhorias na segurança e saúde no trabalho para evitar essas lesões.",296
41142,"SÃO PAULO","FABRICACAO DE PRODUTOS QUIMICOS","A análise dos acidentes de trabalho no setor de fabricação de produtos químicos no estado de São Paulo revela que a maioria das lesões é caracterizada por corte, laceração e ferimento contuso, geralmente afetando membros inferiores (dedos) ou superiores (ombro, braço). Além disso, observou-se um elevado número de acidentes relacionados à manipulação de máquinas e substâncias químicas, o que sugere a necessidade de treinamento específico e adoção de medidas de segurança mais eficazes para prevenir esses tipos de lesões.",304
41742,"SÃO PAULO","FABRICACAO DE VEICULOS AUTOMOTORES, REBOQUES E CARROCERIAS","A análise dos acidentes de trabalho no setor de fabricação de veículos automotivos, rebroques e carrocérias no estado de São Paulo revela que os principais riscos são relacionados ao uso de máquinas e equipamentos (45% das ocorrências), especialmente serras e maquinários. Além disso, a análise também sugere um alto número de acidentes envolvendo trânsito (25%), destacando a importância da segurança no transporte de trabalhadores e materiais dentro e fora do local de trabalho.",549
42291,"SÃO PAULO","IMPRESSAO E REPRODUCAO DE GRAVACOES","A análise dos acidentes de trabalho no setor ""Impressão e Reprodução de Gravuras"" no estado de São Paulo revela que a maioria das lesões é decorrente da manipulação de máquinas e ferramentas sem força motriz, o que sugere uma cultura de segurança precária em relação à utilização desses equipamentos. Além disso, é notável a ausência de acidentes envolvendo produtos químicos ou substâncias perigosas, o que pode indicar que essas áreas são bem controladas e supervisionadas.",74
42365,"SÃO PAULO","MANUTENCAO, REPARACAO E INSTALACAO DE MAQUINAS E EQUIPAMENTOS","Baseado nos dados, é possível identificar que o setor de manutenção, reparação e instalação de máquinas e equipamentos no estado de São Paulo apresenta um risco elevado de lesões ao membro superior (mão e braço), especialmente dedos e joelhos. Além disso, a maioria dos acidentes (7/10) ocorreu em homens, o que sugere uma necessidade de programas de segurança específicos para esse público-alvo.",209
42574,"SÃO PAULO","METALURGIA","Com base nos dados, é possível identificar que o sexo masculino é a maioria entre os trabalhadores metalúrgicos vítimas de acidentes no estado de São Paulo, e que as lesões mais comuns afetam a mão e dedos. Além disso, há uma concentração de acidentes relacionados ao uso de máquinas e ferramentas, como serras, máquinas de fundir e pontes rôlas, o que sugere um risco significativo associado à exposição a esses agentes.",186
42760,"SÃO PAULO","OBRAS DE INFRAESTRUTURA","A análise dos acidentes de trabalho no setor de obras de infraestrutura em São Paulo revela que a maioria das lesões é decorrente de acidentes típicos, com predomínio de lesões cutâneas e ferimentos contusos. Além disso, a presença de agentes agressivos como substâncias químicas, máquinas e equipamentos de guindar sugere uma falta de adoção de medidas de segurança adequadas nos locais de trabalho, tornando os trabalhadores mais vulneráveis à lesão ou morte.",454
43214,"SÃO PAULO","ORGANISMOS INTERNACIONAIS E OUTRAS INSTITUICOES EXTRATERRITORIAIS","A análise dos acidentes de trabalho no setor ""ORGANISMOS INTERNACIONAIS E OUTRAS INSTITUICOES EXTRATERRITORIALES"" no estado de São Paulo revela que os trabalhadores do sexo feminino estão mais propensos a sofrer lesões, especialmente aquelas relacionadas ao uso de máquinas e equipamentos, como britadeiras e moendas. Isso sugere uma cultura de risco associada à exposição a fatores mecânicos, que pode ser mitigada com a implementação de medidas de segurança adequadas e treinamento específico para as mulheres trabalhadoras desse setor.",1
43215,"SÃO PAULO","OUTRAS ATIVIDADES DE SERVICOS PESSOAIS","A análise dos acidentes de trabalho no setor ""OUTRAS ATIVIDADES DE SERVICOS PESSOAIS"" no estado de São Paulo revela que o risco mais frequente é a lesão por contusão ou esmagamento, principalmente na cabeça e mãos. Além disso, observa-se uma tendência a lesões causadas por agentes mecânicos (máquinas) e superfícies (chao e asfalto), o que sugere a necessidade de aprimoramento das medidas de segurança em ambientes onde os trabalhadores estão expostos a essas ameaças.",72
43287,"SÃO PAULO","OUTRAS ATIVIDADES PROFISSIONAIS, CIENTIFICAS E TECNICAS","A análise dos acidentes de trabalho no setor ""OUTRAS ATIVIDADES PROFISSIONAIS, CIENTIFICAS E TECNICAS"" no estado de São Paulo revela que a principal causa de lesões é a máquina ou ferramenta (68%), com destaque para britadeiras e moagens (30%). Além disso, observou-se uma elevada frequência de lesões em partes do corpo como pernas, braços e mãos (75%).",53
43340,"SÃO PAULO","PESCA E AQUICULTURA","A análise dos acidentes de trabalho no setor de Pesca e Aquicultura no estado de São Paulo revela um padrão preocupante de lesões relacionadas ao uso de ferramentas manuais e máquinas, especialmente na região de Rubinéia. A maioria das lesões são de natureza imediata, envolvendo principalmente membros inferiores (mãos e joelhos), o que sugere uma falta de treinamento ou inadequação do uso dessas ferramentas e máquinas pelas vítimas.",4
43344,"SÃO PAULO","PESQUISA E DESENVOLVIMENTO CIENTIFICO","A análise dos acidentes de trabalho no setor ""Pesquisa e Desenvolvimento Científico"" no estado de São Paulo revela que a maioria das lesões ocorrem por exposição a agentes externos (62,5%), como equipamentos elétricos, veículos rodoviários motorizados, animais vivos e chão. Além disso, os acidentes típicos são comuns, destacando a falta de atenção às precauções e à segurança no local de trabalho.",15
43359,"SÃO PAULO","PREPARACAO DE COUROS E FABRICACAO DE ARTEFATOS DE COURO, ARTIGOS PARA VIAGEM E CALCADOS","A análise dos acidentes de trabalho no setor ""Preparação de Couros e Fabricação de Artefatos de Couro, Artigos para Viagem e Calçados"" no estado de São Paulo revela que os principais agentes de risco são máquinas (MAQUINA) e ferramentas manuais sem força motriz (MARTELO, MALHO, MARRETA), enquanto as lesões mais comuns são contusões esmagamentos superficiais cutâneas intactas (CONTUSÃO ESMAGAMENTO SUPERFICIE CUTANEA INTACTA) e escoriações abrasão ferimento superficial (ESCORIACAO ABRASAO FERIMENTO SUPERFICIAL).",80
43440,"SÃO PAULO","PRODUCAO FLORESTAL","A análise dos acidentes de trabalho no setor de produção florestal no estado de São Paulo sugere que há um risco elevado associado ao uso de máquinas e ferramentas manualmente, como serras e machadinhas. Além disso, a falta de atenção à segurança individual, como a utilização imprópria de escadas móveis ou fixadas, também parece ser um fator contribuinte para os acidentes registrados.",33
43472,"SÃO PAULO","PUBLICIDADE E PESQUISA DE MERCADO","A análise dos acidentes de trabalho no setor de Publicidade e Pesquisa de Mercado no estado de São Paulo revela que os principais riscos são relacionados a lesões por distensão torçao, escoriação-abrasão-ferimento superficial e fraturas, principalmente em mãos e membros inferiores. Além disso, há uma tendência para acidentes ocorrerem durante o transporte (motoeletro) ou ao utilizar equipamentos como escadas móveis ou fixadas.",80
43552,"SÃO PAULO","REPARACAO E MANUTENCAO DE EQUIPAMENTOS DE INFORMATICA E COMUNICACAO E DE OBJETOS PESSOAIS E DOMESTICOS","A análise dos acidentes de trabalho no estado de São Paulo, no setor de reparação e manutenção de equipamentos de informática e comunicação e objetos pessoais e domésticos, revela que a maioria das lesões é de natureza imediata (45%) e ocorre em homens (80%). Além disso, os acidentes envolvendo motocicletas e motoneatas representam 40% do total, sugerindo um risco significativo associado à circulação rodoviária.",29
46295,"SÃO PAULO","SERVICOS PARA EDIFICIOS E ATIVIDADES PAISAGISTICAS","Os acidentes de trabalho no setor ""Serviços para Edificações e Atividades Paisagísticas"" em São Paulo apresentam um padrão de lesões graves, com frequência de fraturas, escoriações e ferimentos superficiais. Isso sugere que os riscos mais significativos estão relacionados à manipulação de materiais pesados, como sucatas e entulhos, e ao uso de máquinas e ferramentas, como serras e caldeiras.",858
43581,"SÃO PAULO","SEGUROS, RESSEGUROS, PREVIDENCIA COMPLEMENTAR E PLANOS DE SAUDE","A análise dos acidentes de trabalho no setor ""Seguros, Resseguros, Previdência Complementar e Planos de Saúde"" no estado de São Paulo indica que há um padrão preocupante de lesões relacionadas ao uso de veículos (motochicleta e motoneta) e a falta de previsibilidade em termos de risco. Além disso, a ocorrência de lesões relacionadas a problemas de mobilidade e postura também é uma preocupação, especialmente no que se refere à saúde dos trabalhadores.",105
43686,"SÃO PAULO","SELECAO, AGENCIAMENTO E LOCACAO DE MAO DE OBRA","A análise dos acidentes de trabalho no setor de seleção, agenciamento e locação de mão de obra no estado de São Paulo revela que os principais riscos estão relacionados à falta de cuidado com a segurança individual, como esmagamentos, contusões e lesões por distensão. Além disso, a análise também sugere uma frequência mais alta de acidentes relacionados ao uso de máquinas e veículos em geral, bem como ao deslizamento ou falta de sustentação no local de trabalho.",717
44403,"SÃO PAULO","SERVICOS DE ARQUITETURA E ENGENHARIA; TESTES E ANALISES TECNICAS","A análise dos acidentes de trabalho no setor ""Serviços de Arquitetura e Engenharia; Testes e Análises Técnicas"" no estado de São Paulo revela que a maioria dos incidentes envolveu agentes externos, como veículos motorizados ou animais, e lesões múltiplas ou graves, especialmente na extremidade superior do braço e na área torácica. Além disso, há uma tendência para ocorrerem acidentes em áreas urbanas, o que sugere a necessidade de implementar medidas de segurança específicas para essas regiões.",244
44647,"SÃO PAULO","SERVICOS DE ASSISTENCIA SOCIAL SEM ALOJAMENTO","Com base nos dados analisados, é possível identificar que o setor de Serviços de Assistência Social sem Alojamento apresenta um risco significativo de acidentes relacionados a lesões nos membros inferiores e superiores, especialmente na área das mãos e dedos. Além disso, verifica-se uma tendência maior de ocorrências em áreas urbanas, como São Paulo e Jundiaí, o que sugere a necessidade de implementação de medidas de segurança específicas para esses espaços.",169
45543,"SÃO PAULO","SERVICOS ESPECIALIZADOS PARA CONSTRUCAO","A análise dos acidentes de trabalho no setor ""Serviços Especializados para Construção"" no estado de São Paulo revela que o maior risco está relacionado à lesões imediatas, especialmente aquelas envolvendo quedas e escadas móveis ou fixadas. Além disso, a presença de agentes perigosos como substâncias químicas, equipamentos elétricos e máquinas de escritório também é um fator importante que contribui para os acidentes.",687
44816,"SÃO PAULO","SERVICOS DE ESCRITORIO, DE APOIO ADMINISTRATIVO E OUTROS SERVICOS PRESTADOS PRINCIPALMENTE AS EMPRESAS","A análise dos acidentes de trabalho no setor de serviços de escritório, apoio administrativo e outros serviços prestados às empresas em São Paulo revela que os principais riscos são relacionados a movimentos inadequados ou superfície utilizada para sustentação de pessoas (34% dos casos). Além disso, é possível identificar uma tendência crescente de acidentes envolvendo ferramentas manuais sem força motriz e máquinas, o que sugere a necessidade de treinamento e adoção de procedimentos seguros para evitar lesões.",722
47178,"SÃO PAULO","TRANSPORTE AEREO","Baseado nos dados fornecidos, é possível identificar que a maioria das lesões trabalhistas no setor de transporte aéreo em São Paulo são de natureza típica (72%), relacionadas a acidentes ocorridos durante o manuseio de mobiliário e acessórios (20%) ou ao uso de máquinas e equipamentos (15%). Além disso, é notável a falta de óbitos registrados, o que sugere uma boa performance em termos de segurança.",31
48350,"TOCANTINS","FABRICACAO DE PRODUTOS DE MADEIRA","A análise dos acidentes de trabalho no setor de fabricação de produtos de madeira em Tocantins revela que o maior risco é a exposição a máquinas, que podem levar a lesões nos dedos e outros tecidos moles. Além disso, há uma possível tendência para acidentes mais graves, embora não letais, que podem requerer atenção médica geral.",1
47209,"SÃO PAULO","TRANSPORTE AQUAVIARIO","A análise dos acidentes de trabalho no setor ""TRANSPORTE AQUAVIARIO"" no estado SÃO PAULO revela que os trabalhadores do sexo masculino estão mais propensos a sofrer lesões, particularmente em áreas como face e perna. Além disso, a presença de agentes como frutas e derivados, escadas móveis ou fixadas pode ser um fator contributivo para o risco de acidentes no setor.",2
47211,"SÃO PAULO","TRANSPORTE TERRESTRE","A análise dos acidentes de trabalho no setor de transporte terrestre no estado de São Paulo revela que a maioria das lesões ocorreu em trabalhadores masculinos, com predomínio de lesões superficiais e não letais. Além disso, os dados indicam uma tendência para acidentes relacionados à movimentação de veículos e ao uso de máquinas manuais, o que sugere a necessidade de treinamento e orientação específica para prevenir esses tipos de incidentes.",1000
48223,"TOCANTINS","AGRICULTURA, PECUARIA E SERVICOS RELACIONADOS","A análise dos acidentes de trabalho no setor ""AGRICULTURA, PECUARIA E SERVICOS RELACIONADOS"" no estado do Tocantins revela um padrão de risco elevado relacionado à lesões por fratura e luxação, especialmente em áreas como perna, dedo e braço. Além disso, há uma tendência significativa para acidentes envolvendo máquinas e animais vivos, o que sugere a importância da implantação de programas de treinamento e segurança adequados para trabalhadores nessa área.",14
48211,"TOCANTINS","ADMINISTRACAO PUBLICA, DEFESA E SEGURIDADE SOCIAL","A análise dos acidentes de trabalho no setor ""ADMINISTRACAO PUBLICA, DEFESA E SEGURIDADE SOCIAL"" no estado do Tocantins revela que há uma maior frequência de lesões imediatas causadas por animais (45%) e objetos móveis (20%), o que sugere uma falta de conscientização sobre a segurança no trabalho e a necessidade de implementar medidas preventivas específicas para esses riscos. Além disso, a grande maioria dos acidentes ocorre em Araguaína, o que pode indicar déficits em termos de infraestrutura ou treinamento laboral na região.",11
48236,"TOCANTINS","ALIMENTACAO","A análise dos acidentes de trabalho no setor ""Alimentação"" no estado do Tocantins revela que a maioria das lesões envolve partes do corpo mais superficiais, como a cabeça e membros superiores e inferiores. Além disso, há uma tendência para lesões causadas por acidentes de movimento (fraturas) e contusões, especialmente em áreas com risco de perigo imediato, como caias e estruturas.",5
48241,"TOCANTINS","ALOJAMENTO","A análise dos acidentes de trabalho no setor ""ALOJAMENTO"" no estado do Tocantins revela que os trabalhadores femininos são mais propensos a sofrer lesões, como fraturas, principalmente na parte superior do corpo, o que pode estar relacionado à falta de treinamento adequado e a inadequação das estruturas de segurança em edifícios e estruturas. Além disso, há um risco significativo de acidentes relacionados à manutenção e construção de edifícios, o que pode ser mitigado com a implementação de programas de treinamento e fiscalização mais rigorosos.",1
48242,"TOCANTINS","ALUGUEIS NAO IMOBILIARIOS E GESTAO DE ATIVOS INTANGIVEIS NAO FINANCEIROS","A análise dos acidentes de trabalho no estado do Tocantins, específicamente no setor ""Aluguéis Nao Imobiliários e Gestão de Ativos Intangíveis Nao Financeiros"", revela que houve um aumento na frequência de lesões superficiais no braço e nas regiões múltiplas dos membros superiores e inferiores. Além disso, é importante notar a falta de óbitos registrados nesse período, o que sugere uma boa gestão de riscos e atenção à segurança nos locais de trabalho.",1
48243,"TOCANTINS","ARMAZENAMENTO E ATIVIDADES AUXILIARES DOS TRANSPORTES","Baseado nos dados analisados, é possível identificar que o setor ""Arquivamento e Atividades Auxiliares dos Transportes"" no estado do Tocantins apresenta um risco relativamente alto de lesões relacionadas a movimentação e manipulação de materiais (como fraturas e escoriações), com uma propensão maior para afetar membros inferiores e áreas da coluna vertebral. Além disso, nota-se que os agentes envolvidos nos acidentes são mais frequentemente relacionados à movimentação e ao manuseio de materiais pesados (como caldeira e balcão), o que sugere a necessidade de implementar medidas de segurança específicas para prevenir essas situações.",3
48246,"TOCANTINS","ATIVIDADES DE ATENCAO A SAUDE HUMANA","A análise dos acidentes de trabalho no setor de atençao à saúde humana no estado do Tocantins revela que a maioria das lesões é relacionada a doenças e não a acidentes típicos. Além disso, há um padrão preocupante de lesões respiratórias, especialmente infectadas por coronavírus, o que sugere uma possível exposição ao vírus em ambiente laboral.",17
48263,"TOCANTINS","ATIVIDADES DE SEDES DE EMPRESAS E DE CONSULTORIA EM GESTAO EMPRESARIAL","Com base nos dados, parece haver um risco elevado de lesões por quedas no local de trabalho (Gurupi) relacionadas à superfície utilizada para sustentamento de pessoas (chão), o que pode ser considerado uma área de atenção especial em termos de segurança. Além disso, a alta frequência de fraturas de ossos do metatarso sugere que os empregados podem estar expostos a fatores de risco ligados à posição de trabalho ou ao uso inadequado de equipamentos protetores.",1
48264,"TOCANTINS","COMERCIO E REPARACAO DE VEICULOS AUTOMOTORES E MOTOCICLETAS","A análise dos acidentes de trabalho no setor de comércio e reparação de veículos automotivos e motocicletas no estado do Tocantins revela um padrão preocupante: a falta de segurança durante o transporte de peças e materiais, especialmente em motocicletas e motonetas, é uma das principais causas de lesões e riscos para os trabalhadores. Além disso, o agente humano (motocicleta ou motoneta) é o principal responsável por esses acidentes, indicando a necessidade de treinamento e conscientização dos trabalhadores sobre as práticas seguras em seu dia a dia.",4
48268,"TOCANTINS","COMERCIO POR ATACADO, EXCETO VEICULOS AUTOMOTORES E MOTOCICLETAS","Com base nos dados analisados, é possível identificar que a maioria dos acidentes de trabalho no setor de comércio por atacado no estado de Tocantins foi caracterizada pela lesão imediata ou fratura, frequentemente envolvendo as áreas do joelho e dedo. Além disso, observa-se um elevado número de casos relacionados ao uso de máquinas e animais vivos, o que sugere uma necessidade de reforço nos procedimentos de segurança e treinamento para os trabalhadores envolvidos nesse setor.",14
48282,"TOCANTINS","COMERCIO VAREJISTA","A análise dos acidentes de trabalho no setor de comércio varejista em Tocantins revela que as lesões mais frequentes são fraturas, especialmente nos membros superiores e inferiores, o que sugere uma necessidade de treinamento em primeiros socorros e segurança no manejo de mercadorias. Além disso, a maioria dos acidentes envolveu agentes do acidente relacionados ao transporte (motoocicletas, veículos rodoviários) ou ao ambiente de trabalho (chão, superfície utilizada para sustentar pessoas).",19
48308,"TOCANTINS","ELETRICIDADE, GAS E OUTRAS UTILIDADES","Com base nos dados, destaco que o setor de Eletricidade, Gas e Outras Utilidades no estado do Tocantins apresenta um padrão de acidentes trabalhistas relacionados a lesões superficiais, especialmente na parte superior do braço. Isso pode indicar riscos associados à manipulação de materiais ou equipamentos pesados, bem como necessidade de melhorias nas práticas de segurança e treinamento para prevenir esses tipos de lesões.",1
48301,"TOCANTINS","CONSTRUCAO DE EDIFICIOS","A análise dos acidentes de trabalho no setor de construção de edifícios em Tocantins revela que a lesão mais comum é a fratura, principalmente envolvendo os dedos das mãos, o que sugere uma maior exposição à risco de compressão ou estresse mecânico em locais como telhados e estruturas verticais. Além disso, a falta de cuidado e atenção com a segurança durante as atividades em altura pode estar contribuindo para essa situação.",1
48302,"TOCANTINS","CORREIO E OUTRAS ATIVIDADES DE ENTREGA","A análise dos acidentes de trabalho no setor ""CORREIO E OUTRAS ATIVIDADES DE ENTREGA"" no estado do Tocantins revela um padrão preocupante de lesões relacionadas ao uso de bicicletas durante o trajeto. Embora não haja óbitos registrados, a frequência desses acidentes indica um risco significativo para os trabalhadores envolvidos nessa atividade.",1
48303,"TOCANTINS","EDUCACAO","A análise dos acidentes de trabalho no setor de Educação no estado do Tocantins revela um quadro preocupante de exposição a riscos mecânicos e de mobilidade, com destaque para o transporte motorizado (motoocicleta/motoneta) como um agente de lesão frequente. Além disso, a falta de proteção em situações de colisões e acidentes de trânsito também emerge como um padrão preocupante na análise dos casos.",5
48309,"TOCANTINS","FABRICACAO DE COQUE, DE PRODUTOS DERIVADOS DO PETROLEO E DE BIOCOMBUSTIVEIS","A análise dos acidentes de trabalho no setor de fabricação de coque e produtos derivados do petróleo e de biocombustíveis no estado de Tocantins revela que há um padrão de lesões mais frequentemente associadas a equipamentos e máquinas, como iluminação e máquinas agrícolas, o que sugere uma falta de treinamento ou atenção ao uso correto desses dispositivos. Além disso, a presença de acidentes relacionados à superfície utilizada para sustentar pessoas e ferramentas manuais sem força motriz indica uma necessidade de ajustes na ergonomia e no design dos locais de trabalho.",5
48314,"TOCANTINS","FABRICACAO DE MOVEIS","A análise dos acidentes de trabalho no setor ""FABRICACAO DE MOVEIS"" no estado de Tocantins revela que o principal agente responsável por lesões e riscos é a circulação de veículos, como motocicletas e motonetas, o que levou à fratura da clavícula. Isso sugere que a falta de controle sobre as vias de circulação ou a inadequação das rotas seguem sendo um desafio para a segurança no trabalho nesse setor.",1
48315,"TOCANTINS","FABRICACAO DE PRODUTOS ALIMENTICIOS","Com base nos dados, é possível identificar que o setor de fabricação de produtos alimentícios no estado do Tocantins apresenta um risco significativo de lesões relacionadas ao uso de agente químico e à exposição a gases e vapores. Além disso, os dados sugerem uma concentração de acidentes em municípios específicos, como Araguaína e Paraíso do Tocantins, o que pode indicar a existência de fatores locais contribuintes para os riscos laborais.",35
48351,"TOCANTINS","FABRICACAO DE PRODUTOS DE METAL, EXCETO MAQUINAS E EQUIPAMENTOS","A análise dos acidentes de trabalho no setor de fabricação de produtos de metal, exceto máquinas e equipamentos, no estado do Tocantins, revela que a lesão mais comum é a luxação, frequentemente relacionada à manipulação de materiais ou uso de equipamentos pesados. Além disso, o município de Carmolândia apresenta um padrão preocupante de acidentes, sugerindo a necessidade de intervenções específicas para prevenir danos e melhorar a segurança no local de trabalho.",1
48352,"TOCANTINS","FABRICACAO DE PRODUTOS DE MINERAIS NAO METALICOS","A análise dos acidentes de trabalho no setor ""FABRICACAO DE PRODUTOS DE MINERAIS NÃO METÁLICOS"" no estado de Tocantins revela que os principais agentes causadores de lesões e morte são máquinas pesadas, como tratores e caldeiras, o que sugere uma alta exposição a riscos mecânicos em ambientes industrializados. Além disso, a análise também destaca a importância do uso correto de superfícies e estruturas para prevenir lesões mais graves, como traumatismo intracraniano não especificado.",3
48355,"TOCANTINS","FABRICACAO DE PRODUTOS QUIMICOS","A análise dos acidentes de trabalho no setor de fabricação de produtos químicos no estado do Tocantins revela que a lesão imediata não especificada no dorso é um padrão preocupante, comprovando a necessidade de atenção especial para a segurança e saúde dos trabalhadores envolvidos em atividades que envolvem mobilário e acessorios. Além disso, a ocorrência de acidentes em áreas específicas como balcões e bancadas sugere a importância da implementação de medidas preventivas específicas para essas áreas.",1
48356,"TOCANTINS","OBRAS DE INFRAESTRUTURA","A análise dos acidentes de trabalho no setor ""OBRAS DE INFRAESTRUTURA"" no estado do Tocantins revela que o risco mais elevado é relacionado a lesões elétricas e choques, com uma frequência significativa. Além disso, os dados sugerem que os trabalhadores da construção civil estão expostos a riscos de trauma craniano e hemorragia subaracnóide, o que pode ter consequências graves.",2
48358,"TOCANTINS","PREPARACAO DE COUROS E FABRICACAO DE ARTEFATOS DE COURO, ARTIGOS PARA VIAGEM E CALCADOS","Com base nos acidentes de trabalho no setor 'PREPARACAO DE COUROS E FABRICACAO DE ARTEFATOS DE COURO, ARTIGOS PARA VIAGEM E CALCADOS' no estado do Tocantins, surge um padrão preocupante: a exposição à substâncias químicas é o agente mais comum em lesões imediatas e graves, comprometendo a saúde dos trabalhadores. Isso sugere que há uma necessidade urgente de fortalecer as medidas de segurança e prevenção para evitar danos pessoais e reduzir a frequência de acidentes nesse setor.",1
48359,"TOCANTINS","SERVICOS DE ARQUITETURA E ENGENHARIA; TESTES E ANALISES TECNICAS","Baseado nos acidentes de trabalho no setor de Serviços de Arquitetura e Engenharia; Testes e Análises Técnicas, no estado do Tocantins, é possível identificar que o maior risco para os trabalhadores está relacionado ao trânsito rodoviário, com um acidente registrado envolvendo uma motocicleta. Isso sugere a importância de implementar medidas de segurança específicas para os funcionários que precisam se deslocar entre locais de trabalho por estradas.",1
48360,"TOCANTINS","SERVICOS DE ESCRITORIO, DE APOIO ADMINISTRATIVO E OUTROS SERVICOS PRESTADOS PRINCIPALMENTE AS EMPRESAS","A análise dos acidentes de trabalho no setor ""Serviços de Escritório, de Apoio Administrativo e outros serviços prestados principalmente às empresas"" em Tocantins revela que o principal risco é a exposição a veículos rodoviários motorizados, que causam lesões graves como fraturas em membros superiores. Além disso, a superfície utilizada para sustentar pessoas também apresenta um risco não negligenciável, especialmente no âmbito de acidentes típicos e com consequências imediatas, como lesões contusas no joelho.",3
48363,"TOCANTINS","SERVICOS ESPECIALIZADOS PARA CONSTRUCAO","A análise dos acidentes de trabalho no setor ""Serviços Especializados para Construção"" no estado do Tocantins revela que o principal risco é a exposição à lesões físicas, especialmente na cabeça e na coluna vertebral, provindas de veículos motorizados ou de agentes do acidente. Além disso, há uma tendência de casos envolvendo trabalhadores masculinos em idade produtiva, o que sugere a necessidade de intervenções específicas para essa faixa etária e género.",2
48365,"TOCANTINS","SERVICOS PARA EDIFICIOS E ATIVIDADES PAISAGISTICAS","Com base no grupo de acidentes de trabalho no setor de serviços para edifícios e atividades paisagísticas em Tocantins, nota-se um risco significativo associado à utilização de superfície instável, como chão, que pode causar quedas envolvendo gelo e neve. Além disso, a análise sugere que o sexo masculino é mais afetado por esses acidentes, o que pode indicar a necessidade de intervenções específicas para reduzir os riscos laborais enfrentados por esse público.",1
48366,"TOCANTINS","TRANSPORTE TERRESTRE","A análise dos acidentes de trabalho no setor ""TRANSPORTE TERRESTRE"" no estado do Tocantins revela que a lesão mais comum é a fratura, seguida de lesões cutâneas e contusões. Além disso, nota-se uma alta frequência de acidentes envolvendo veículos rodoviários motorizados e máquinas pesadas, o que sugere um risco elevado associado à exposição ao tráfego e ao uso de equipamentos industriais.",8
